lemma	pos	10-pNNs_X3	10-pNNs_X5	10-pNNs_X10	10-pNNs_X20	10-pNNs_X25	30-pNNs_X3	30-pNNs_X5	30-pNNs_X10	30-pNNs_X20	30-pNNs_X25	50-pNNs_X3	50-pNNs_X5	50-pNNs_X10	50-pNNs_X20	50-pNNs_X25	100-pNNs_X3	100-pNNs_X5	100-pNNs_X10	100-pNNs_X20	100-pNNs_X25	500-pNNs_X3	500-pNNs_X5	500-pNNs_X10	500-pNNs_X20	500-pNNs_X25
evidence	n	0.0	0.0	0.0	0.0	0.0	0.0	0.0	0.0	0.0	0.0	0.0	-1.0	0.0	0.0	-1.0	-1.0	-5.0	0.0	-1.0	-1.0	-3.0	-40.0	-15.0	-29.0	-70.0
conduct	v	0.0	0.0	0.0	0.0	0.0	0.0	0.0	0.0	-1.0	0.0	-1.0	0.0	0.0	-2.0	-1.0	-6.0	0.0	0.0	-7.0	-6.0	-80.0	0.0	-1.0	-130.0	-207.0
follow	v	0.0	0.0	0.0	0.0	0.0	0.0	0.0	0.0	0.0	0.0	0.0	0.0	0.0	0.0	0.0	0.0	-2.0	-1.0	0.0	0.0	-5.0	-39.0	-6.0	-4.0	-1.0
policy	n	0.0	0.0	0.0	0.0	0.0	0.0	0.0	0.0	0.0	-1.0	0.0	0.0	0.0	0.0	-3.0	-3.0	0.0	-7.0	0.0	-6.0	-36.0	-16.0	-130.0	-7.0	-98.0
place	v	0.0	0.0	0.0	0.0	0.0	0.0	-1.0	0.0	0.0	0.0	0.0	-1.0	0.0	0.0	0.0	-5.0	-2.0	0.0	0.0	-2.0	-129.0	-22.0	-10.0	-7.0	-8.0
serve	v	0.0	0.0	0.0	0.0	0.0	0.0	0.0	0.0	0.0	0.0	0.0	0.0	0.0	0.0	-1.0	0.0	-1.0	-2.0	-1.0	-3.0	-10.0	-24.0	-5.0	-1.0	-41.0
add	v	-1.0	0.0	0.0	0.0	0.0	-2.0	0.0	0.0	0.0	0.0	-5.0	0.0	0.0	0.0	0.0	-17.0	-1.0	-1.0	0.0	-1.0	-175.0	-19.0	-9.0	-1.0	-12.0
work	v	0.0	0.0	-1.0	0.0	0.0	-2.0	0.0	-3.0	0.0	0.0	-2.0	0.0	-3.0	0.0	0.0	-5.0	0.0	-5.0	-1.0	0.0	-109.0	-5.0	-158.0	-19.0	0.0
pass	v	0.0	0.0	0.0	0.0	0.0	0.0	0.0	0.0	0.0	0.0	0.0	0.0	0.0	0.0	0.0	0.0	-3.0	-4.0	-1.0	0.0	-1.0	-27.0	-36.0	-49.0	-42.0
permit	v	0.0	0.0	0.0	0.0	0.0	0.0	0.0	0.0	0.0	0.0	0.0	0.0	-1.0	0.0	-1.0	-2.0	-2.0	-5.0	0.0	-1.0	-12.0	-39.0	-130.0	-6.0	-14.0
age	n	-1.0	0.0	0.0	0.0	0.0	-1.0	-1.0	0.0	0.0	0.0	-1.0	-1.0	0.0	0.0	0.0	-1.0	-1.0	-2.0	-2.0	-2.0	-5.0	-21.0	-29.0	-9.0	-28.0
home	n	0.0	0.0	0.0	0.0	0.0	0.0	0.0	0.0	0.0	0.0	0.0	-1.0	0.0	0.0	0.0	0.0	-3.0	0.0	0.0	0.0	-1.0	-74.0	-2.0	0.0	0.0
enter	v	0.0	0.0	0.0	0.0	0.0	0.0	0.0	0.0	0.0	0.0	0.0	-3.0	0.0	0.0	0.0	0.0	-6.0	0.0	0.0	0.0	0.0	-34.0	-3.0	-2.0	-1.0
wait	v	0.0	0.0	0.0	0.0	-1.0	0.0	0.0	-1.0	0.0	-2.0	0.0	0.0	-1.0	0.0	-2.0	0.0	0.0	-2.0	0.0	-9.0	-1.0	-21.0	-31.0	-2.0	-92.0
course	n	0.0	0.0	0.0	0.0	0.0	0.0	0.0	0.0	0.0	0.0	0.0	0.0	0.0	0.0	-2.0	0.0	0.0	0.0	0.0	-5.0	-12.0	-4.0	-5.0	-10.0	-32.0
allow	v	0.0	0.0	0.0	0.0	-1.0	0.0	0.0	0.0	-1.0	-4.0	-1.0	0.0	0.0	-2.0	-6.0	-7.0	0.0	0.0	-4.0	-8.0	-59.0	-2.0	-10.0	-29.0	-89.0
expect	v	0.0	0.0	0.0	0.0	0.0	0.0	-1.0	0.0	0.0	0.0	-1.0	-1.0	0.0	0.0	-1.0	-1.0	-5.0	-2.0	0.0	-4.0	-53.0	-70.0	-48.0	-4.0	-59.0
study	n	0.0	0.0	0.0	0.0	0.0	-1.0	0.0	0.0	-1.0	0.0	-1.0	0.0	0.0	-1.0	0.0	-2.0	0.0	0.0	-1.0	-1.0	-45.0	-3.0	-4.0	-26.0	-29.0
determine	v	0.0	0.0	0.0	0.0	0.0	0.0	0.0	0.0	0.0	0.0	0.0	0.0	-1.0	0.0	0.0	0.0	0.0	-1.0	0.0	0.0	-12.0	-4.0	-32.0	-8.0	-10.0
work	n	0.0	0.0	0.0	0.0	0.0	0.0	0.0	0.0	-2.0	0.0	0.0	0.0	0.0	-3.0	0.0	0.0	0.0	0.0	-4.0	0.0	-9.0	-11.0	-9.0	-50.0	-13.0
open	v	0.0	0.0	0.0	0.0	0.0	0.0	0.0	0.0	0.0	0.0	0.0	0.0	0.0	0.0	0.0	-1.0	0.0	0.0	0.0	0.0	-5.0	-7.0	0.0	-1.0	0.0
seek	v	0.0	0.0	0.0	0.0	0.0	-1.0	0.0	0.0	0.0	0.0	-1.0	0.0	0.0	0.0	0.0	-1.0	0.0	0.0	-1.0	0.0	-13.0	-11.0	-9.0	-19.0	-4.0
direct	v	0.0	0.0	0.0	0.0	0.0	0.0	0.0	0.0	0.0	0.0	0.0	0.0	0.0	0.0	0.0	0.0	-1.0	0.0	-4.0	-2.0	-1.0	-31.0	-3.0	-38.0	-10.0
church	n	0.0	0.0	0.0	0.0	0.0	0.0	0.0	0.0	0.0	0.0	0.0	0.0	0.0	0.0	0.0	0.0	0.0	-2.0	-1.0	-1.0	0.0	-1.0	-29.0	-29.0	-30.0
shoot	v	0.0	0.0	0.0	0.0	0.0	0.0	0.0	0.0	0.0	0.0	0.0	0.0	0.0	-1.0	0.0	-1.0	0.0	-1.0	-3.0	0.0	-18.0	-7.0	-10.0	-60.0	-8.0
death	n	0.0	0.0	0.0	0.0	0.0	0.0	0.0	0.0	-1.0	-2.0	0.0	0.0	-1.0	-3.0	-4.0	0.0	0.0	-9.0	-3.0	-9.0	-17.0	-15.0	-107.0	-56.0	-130.0
carry	v	0.0	0.0	0.0	0.0	0.0	-1.0	0.0	0.0	0.0	0.0	-1.0	0.0	0.0	0.0	0.0	-1.0	0.0	0.0	0.0	0.0	-8.0	-12.0	-2.0	-3.0	-8.0
property	n	0.0	0.0	0.0	0.0	0.0	0.0	-1.0	0.0	0.0	0.0	0.0	-1.0	0.0	0.0	0.0	0.0	-3.0	0.0	0.0	0.0	-16.0	-43.0	-16.0	-12.0	-7.0
lead	v	0.0	0.0	0.0	0.0	0.0	0.0	0.0	0.0	0.0	0.0	0.0	0.0	0.0	0.0	0.0	0.0	0.0	0.0	-1.0	0.0	-3.0	-9.0	-14.0	-16.0	-5.0
leave	v	0.0	0.0	0.0	0.0	0.0	0.0	0.0	0.0	0.0	0.0	0.0	-1.0	0.0	0.0	0.0	0.0	-2.0	0.0	-4.0	0.0	-1.0	-72.0	-6.0	-58.0	-1.0
miss	v	0.0	0.0	0.0	0.0	0.0	0.0	0.0	0.0	0.0	0.0	0.0	0.0	0.0	0.0	0.0	0.0	0.0	-1.0	-2.0	0.0	-8.0	-12.0	-32.0	-31.0	-11.0
represent	v	0.0	0.0	0.0	0.0	0.0	0.0	0.0	0.0	0.0	0.0	0.0	0.0	0.0	0.0	0.0	0.0	0.0	0.0	-1.0	0.0	-2.0	0.0	-7.0	-43.0	0.0
destroy	v	0.0	0.0	0.0	0.0	-1.0	0.0	0.0	0.0	0.0	-3.0	0.0	0.0	0.0	0.0	-4.0	0.0	0.0	0.0	0.0	-9.0	-2.0	-1.0	0.0	0.0	-192.0
design	v	0.0	0.0	0.0	0.0	0.0	0.0	0.0	0.0	-1.0	-1.0	0.0	0.0	0.0	-1.0	-3.0	0.0	0.0	-2.0	-5.0	-6.0	-2.0	0.0	-61.0	-90.0	-41.0
establish	v	0.0	0.0	0.0	0.0	-1.0	0.0	0.0	0.0	-1.0	-1.0	0.0	0.0	0.0	-3.0	-1.0	0.0	0.0	0.0	-8.0	-12.0	-1.0	-1.0	0.0	-181.0	-206.0
extend	v	0.0	0.0	0.0	0.0	0.0	0.0	0.0	0.0	0.0	-1.0	0.0	0.0	0.0	0.0	-1.0	0.0	0.0	-1.0	0.0	-1.0	-4.0	-2.0	-37.0	-1.0	-18.0
accept	v	0.0	0.0	0.0	0.0	0.0	-2.0	0.0	0.0	0.0	0.0	-3.0	0.0	0.0	0.0	0.0	-7.0	0.0	0.0	0.0	0.0	-157.0	-2.0	0.0	-12.0	0.0
pay	v	0.0	0.0	0.0	0.0	0.0	0.0	-2.0	0.0	0.0	0.0	0.0	-4.0	0.0	0.0	0.0	0.0	-6.0	0.0	0.0	0.0	-7.0	-121.0	0.0	-4.0	-15.0
information	n	0.0	0.0	0.0	0.0	-1.0	0.0	0.0	0.0	0.0	-1.0	0.0	0.0	0.0	0.0	-2.0	0.0	0.0	-4.0	0.0	-3.0	-5.0	-3.0	-127.0	-1.0	-123.0
lose	v	0.0	0.0	0.0	0.0	0.0	0.0	0.0	0.0	0.0	0.0	-1.0	0.0	-1.0	0.0	0.0	-4.0	0.0	-3.0	0.0	0.0	-68.0	0.0	-68.0	-2.0	-3.0
water	n	0.0	0.0	0.0	0.0	0.0	-1.0	0.0	0.0	0.0	0.0	-1.0	0.0	0.0	0.0	0.0	-3.0	-1.0	0.0	-1.0	-4.0	-52.0	-27.0	-2.0	-3.0	-31.0
subject	n	0.0	0.0	0.0	0.0	0.0	0.0	0.0	0.0	0.0	0.0	0.0	0.0	0.0	0.0	0.0	0.0	-1.0	0.0	0.0	-1.0	-32.0	-33.0	-1.0	-78.0	-17.0
center	n	0.0	0.0	0.0	0.0	0.0	0.0	0.0	0.0	0.0	0.0	0.0	0.0	0.0	0.0	0.0	0.0	0.0	-1.0	0.0	0.0	-7.0	-8.0	-20.0	0.0	-2.0
play	v	0.0	0.0	0.0	0.0	0.0	0.0	0.0	0.0	0.0	0.0	0.0	0.0	0.0	0.0	0.0	0.0	0.0	0.0	0.0	0.0	-2.0	-4.0	-6.0	-1.0	-5.0
foot	n	-1.0	0.0	0.0	0.0	0.0	-2.0	0.0	0.0	0.0	0.0	-3.0	-1.0	0.0	0.0	0.0	-9.0	-2.0	0.0	-2.0	0.0	-134.0	-13.0	-14.0	-30.0	-3.0
head	n	0.0	0.0	0.0	0.0	0.0	0.0	0.0	0.0	0.0	0.0	0.0	0.0	0.0	0.0	0.0	0.0	0.0	0.0	-1.0	0.0	-14.0	-14.0	-22.0	-10.0	-1.0
record	n	0.0	0.0	0.0	0.0	0.0	0.0	0.0	0.0	0.0	0.0	0.0	0.0	0.0	0.0	0.0	-2.0	0.0	-1.0	0.0	0.0	-32.0	-21.0	-14.0	-9.0	-12.0
field	n	0.0	0.0	0.0	0.0	0.0	0.0	0.0	0.0	-1.0	0.0	0.0	0.0	0.0	-1.0	0.0	0.0	0.0	0.0	-1.0	0.0	-21.0	-10.0	-7.0	-22.0	-3.0
develop	v	0.0	0.0	0.0	0.0	0.0	0.0	0.0	0.0	0.0	0.0	-2.0	0.0	0.0	0.0	0.0	-12.0	0.0	0.0	0.0	-1.0	-160.0	-27.0	0.0	-4.0	-32.0
return	v	0.0	0.0	0.0	0.0	0.0	0.0	0.0	0.0	0.0	0.0	0.0	0.0	0.0	0.0	0.0	0.0	0.0	-2.0	-1.0	-1.0	-45.0	-5.0	-54.0	-7.0	-55.0
thing	n	0.0	0.0	0.0	0.0	0.0	0.0	0.0	0.0	0.0	0.0	-1.0	0.0	0.0	0.0	-1.0	-2.0	0.0	0.0	-2.0	-2.0	-13.0	0.0	-65.0	-20.0	-12.0
pressure	n	0.0	0.0	0.0	0.0	0.0	0.0	0.0	0.0	0.0	0.0	0.0	0.0	0.0	0.0	-1.0	-1.0	0.0	0.0	-1.0	-2.0	-42.0	-3.0	-9.0	-34.0	-27.0
need	v	0.0	0.0	0.0	0.0	0.0	0.0	0.0	0.0	0.0	-1.0	0.0	-1.0	0.0	0.0	-3.0	0.0	-1.0	0.0	0.0	-11.0	-9.0	-33.0	-4.0	-1.0	-167.0
performance	n	0.0	0.0	0.0	0.0	0.0	0.0	0.0	0.0	0.0	0.0	0.0	0.0	-1.0	0.0	0.0	0.0	-1.0	-3.0	0.0	0.0	-16.0	-14.0	-38.0	-8.0	-5.0
cause	v	0.0	0.0	0.0	0.0	0.0	0.0	0.0	0.0	0.0	0.0	0.0	0.0	0.0	0.0	0.0	0.0	0.0	0.0	0.0	-1.0	-20.0	-22.0	-19.0	-14.0	-7.0
form	v	0.0	0.0	0.0	0.0	0.0	0.0	0.0	0.0	0.0	0.0	0.0	0.0	0.0	0.0	0.0	0.0	-1.0	0.0	0.0	0.0	-25.0	-22.0	0.0	-4.0	-1.0
way	n	-1.0	0.0	0.0	0.0	0.0	-1.0	-1.0	-1.0	0.0	0.0	-2.0	-1.0	-2.0	0.0	0.0	-3.0	-3.0	-5.0	-3.0	0.0	-21.0	-29.0	-25.0	-26.0	-11.0
light	n	0.0	0.0	0.0	0.0	0.0	0.0	-2.0	0.0	0.0	0.0	0.0	-3.0	0.0	0.0	-1.0	-1.0	-3.0	0.0	0.0	-1.0	-16.0	-42.0	-21.0	-2.0	-45.0
stop	v	0.0	0.0	0.0	0.0	-1.0	0.0	0.0	0.0	0.0	-1.0	0.0	0.0	0.0	-1.0	-4.0	-1.0	0.0	-1.0	-1.0	-6.0	-2.0	-5.0	-41.0	-4.0	-60.0
national	a	-1.0	0.0	0.0	0.0	0.0	-2.0	-1.0	0.0	0.0	0.0	-2.0	-1.0	-2.0	-2.0	0.0	-4.0	-4.0	-6.0	-2.0	0.0	-57.0	-97.0	-71.0	-38.0	-5.0
wish	v	0.0	0.0	0.0	0.0	-2.0	0.0	0.0	0.0	0.0	-7.0	0.0	-3.0	-2.0	0.0	-9.0	-1.0	-10.0	-15.0	-1.0	-23.0	-37.0	-133.0	-244.0	-20.0	-243.0
remain	v	0.0	0.0	0.0	0.0	0.0	0.0	0.0	0.0	0.0	0.0	0.0	0.0	-3.0	0.0	0.0	0.0	0.0	-10.0	-1.0	0.0	-9.0	-1.0	-165.0	-18.0	-4.0
form	n	0.0	0.0	0.0	0.0	0.0	0.0	0.0	0.0	0.0	0.0	0.0	-1.0	0.0	-1.0	0.0	0.0	-1.0	-2.0	-9.0	0.0	-2.0	-11.0	-59.0	-142.0	-17.0
fall	v	-1.0	0.0	0.0	0.0	0.0	-1.0	0.0	0.0	0.0	0.0	-1.0	0.0	0.0	-1.0	0.0	-2.0	-1.0	-2.0	-2.0	0.0	-18.0	-84.0	-41.0	-13.0	-10.0
save	v	0.0	-1.0	0.0	0.0	0.0	0.0	-1.0	0.0	0.0	0.0	0.0	-2.0	0.0	0.0	-1.0	0.0	-7.0	0.0	0.0	-2.0	-2.0	-198.0	0.0	-18.0	-28.0
change	n	0.0	0.0	0.0	0.0	0.0	0.0	0.0	0.0	0.0	0.0	0.0	0.0	0.0	0.0	0.0	-1.0	-3.0	0.0	-2.0	-2.0	-11.0	-98.0	-3.0	-52.0	-44.0
sit	v	0.0	0.0	0.0	0.0	0.0	-1.0	0.0	0.0	0.0	-1.0	-2.0	0.0	-1.0	0.0	-2.0	-6.0	-2.0	-3.0	-1.0	-6.0	-97.0	-67.0	-39.0	-40.0	-92.0
power	n	0.0	0.0	0.0	0.0	0.0	0.0	0.0	0.0	0.0	0.0	0.0	0.0	-1.0	-2.0	0.0	0.0	0.0	-2.0	-6.0	-1.0	-49.0	-2.0	-42.0	-76.0	-22.0
occur	v	0.0	0.0	0.0	0.0	0.0	0.0	0.0	0.0	0.0	0.0	0.0	-1.0	0.0	-1.0	-1.0	0.0	-3.0	0.0	-3.0	-1.0	-15.0	-19.0	-13.0	-19.0	-10.0
country	n	-1.0	0.0	0.0	0.0	0.0	-1.0	0.0	0.0	0.0	0.0	-3.0	-1.0	0.0	0.0	0.0	-5.0	-6.0	0.0	0.0	-1.0	-116.0	-96.0	-8.0	0.0	-60.0
experience	n	0.0	0.0	0.0	0.0	0.0	-2.0	0.0	0.0	0.0	0.0	-3.0	0.0	-4.0	0.0	0.0	-5.0	-2.0	-10.0	-2.0	0.0	-94.0	-54.0	-165.0	-29.0	-24.0
wonder	v	0.0	0.0	0.0	0.0	0.0	-1.0	0.0	-1.0	-1.0	0.0	-3.0	0.0	-1.0	-1.0	0.0	-5.0	0.0	-8.0	-2.0	0.0	-100.0	-2.0	-93.0	-46.0	-13.0
enjoy	v	0.0	0.0	0.0	0.0	0.0	0.0	0.0	0.0	0.0	0.0	0.0	0.0	0.0	0.0	0.0	0.0	0.0	0.0	0.0	0.0	0.0	-2.0	-4.0	-9.0	0.0
observe	v	0.0	0.0	0.0	0.0	0.0	0.0	0.0	0.0	0.0	0.0	0.0	-1.0	-2.0	0.0	0.0	0.0	-2.0	-4.0	0.0	0.0	-9.0	-105.0	-21.0	-1.0	0.0
rate	n	0.0	0.0	0.0	0.0	0.0	-1.0	0.0	0.0	0.0	-1.0	-2.0	0.0	0.0	0.0	-1.0	-2.0	-1.0	-2.0	-3.0	-2.0	-35.0	-27.0	-12.0	-55.0	-44.0
suppose	v	0.0	0.0	0.0	0.0	0.0	-1.0	0.0	0.0	0.0	0.0	-1.0	-1.0	0.0	0.0	0.0	-4.0	-1.0	0.0	0.0	-1.0	-76.0	-6.0	-10.0	-27.0	-17.0
maintain	v	0.0	0.0	0.0	0.0	0.0	-1.0	0.0	-1.0	0.0	0.0	-4.0	0.0	-1.0	0.0	0.0	-9.0	0.0	-7.0	0.0	0.0	-196.0	0.0	-70.0	-49.0	-16.0
picture	n	0.0	0.0	0.0	0.0	0.0	-1.0	0.0	0.0	0.0	0.0	-1.0	0.0	0.0	0.0	0.0	-1.0	0.0	-1.0	0.0	0.0	-32.0	-3.0	-8.0	-1.0	0.0
settle	v	0.0	0.0	0.0	0.0	-1.0	0.0	0.0	0.0	0.0	-1.0	-1.0	0.0	0.0	0.0	-1.0	-1.0	-4.0	0.0	0.0	-1.0	-32.0	-39.0	-2.0	0.0	-28.0
treat	v	0.0	0.0	0.0	0.0	0.0	0.0	-1.0	0.0	0.0	0.0	0.0	-2.0	0.0	0.0	0.0	0.0	-2.0	-1.0	0.0	0.0	-2.0	-54.0	-22.0	0.0	-3.0
face	n	0.0	0.0	0.0	0.0	0.0	0.0	0.0	0.0	-3.0	0.0	-1.0	0.0	0.0	-3.0	-1.0	-2.0	0.0	0.0	-9.0	-2.0	-51.0	-1.0	-21.0	-139.0	-39.0
business	n	0.0	0.0	0.0	0.0	0.0	0.0	0.0	0.0	0.0	-1.0	0.0	0.0	-1.0	-1.0	-1.0	0.0	0.0	-2.0	-5.0	-1.0	0.0	-5.0	-26.0	-35.0	-16.0
watch	v	0.0	0.0	0.0	0.0	0.0	0.0	0.0	0.0	0.0	0.0	0.0	0.0	0.0	0.0	0.0	0.0	-1.0	-10.0	0.0	-1.0	-3.0	-40.0	-145.0	-2.0	-15.0
strike	v	0.0	0.0	0.0	0.0	0.0	-1.0	0.0	0.0	0.0	0.0	-1.0	0.0	0.0	0.0	0.0	-7.0	0.0	0.0	0.0	-2.0	-88.0	-24.0	-79.0	-8.0	-100.0
refer	v	0.0	0.0	0.0	0.0	0.0	0.0	0.0	0.0	0.0	0.0	-2.0	0.0	-1.0	-2.0	0.0	-5.0	-6.0	-10.0	-4.0	0.0	-65.0	-117.0	-118.0	-74.0	-8.0
support	v	0.0	0.0	0.0	0.0	0.0	0.0	0.0	0.0	0.0	0.0	0.0	-1.0	0.0	-1.0	0.0	0.0	-3.0	0.0	-1.0	-1.0	-4.0	-78.0	-1.0	-130.0	-4.0
section	n	0.0	0.0	0.0	0.0	0.0	0.0	0.0	0.0	0.0	0.0	0.0	0.0	0.0	0.0	0.0	0.0	0.0	0.0	-1.0	0.0	-8.0	-3.0	-11.0	-1.0	0.0
paper	n	0.0	0.0	0.0	0.0	0.0	0.0	0.0	0.0	0.0	0.0	0.0	0.0	0.0	0.0	0.0	-1.0	-1.0	0.0	0.0	0.0	-23.0	-9.0	0.0	-5.0	-1.0
basis	n	0.0	0.0	0.0	0.0	0.0	0.0	0.0	-1.0	-1.0	0.0	0.0	-2.0	-1.0	-1.0	0.0	0.0	-4.0	-2.0	-4.0	-1.0	-27.0	-52.0	-46.0	-85.0	-37.0
function	n	0.0	0.0	0.0	0.0	0.0	-1.0	0.0	0.0	0.0	0.0	-1.0	0.0	0.0	-1.0	0.0	-2.0	-1.0	-3.0	-3.0	0.0	-26.0	-16.0	-50.0	-47.0	-3.0
prepare	v	0.0	-1.0	0.0	0.0	0.0	0.0	-4.0	-1.0	0.0	-1.0	0.0	-4.0	-2.0	0.0	-1.0	0.0	-5.0	-5.0	0.0	-1.0	-1.0	-84.0	-111.0	-1.0	-21.0
apply	v	0.0	0.0	0.0	0.0	0.0	0.0	-1.0	0.0	0.0	0.0	0.0	-2.0	0.0	0.0	0.0	0.0	-6.0	0.0	0.0	0.0	0.0	-91.0	-18.0	-8.0	-9.0
activity	n	0.0	0.0	0.0	0.0	0.0	0.0	0.0	0.0	-1.0	0.0	0.0	0.0	0.0	-1.0	0.0	0.0	0.0	-1.0	-7.0	0.0	-5.0	-1.0	-6.0	-104.0	-1.0
replace	v	0.0	0.0	0.0	0.0	0.0	0.0	0.0	0.0	0.0	0.0	0.0	-1.0	0.0	0.0	0.0	-2.0	-2.0	0.0	0.0	-1.0	-43.0	-66.0	0.0	-2.0	-11.0
cut	v	0.0	0.0	0.0	0.0	0.0	0.0	0.0	0.0	-2.0	0.0	0.0	0.0	-1.0	-2.0	0.0	0.0	0.0	-4.0	-5.0	0.0	-12.0	-14.0	-43.0	-106.0	-1.0
table	n	0.0	0.0	0.0	0.0	0.0	0.0	0.0	0.0	0.0	0.0	0.0	0.0	0.0	0.0	0.0	0.0	-1.0	0.0	-1.0	0.0	-3.0	-14.0	0.0	-4.0	-12.0
say	v	0.0	0.0	0.0	0.0	0.0	-1.0	-1.0	0.0	-4.0	-1.0	-2.0	-6.0	0.0	-5.0	-4.0	-5.0	-15.0	0.0	-15.0	-11.0	-59.0	-258.0	-4.0	-173.0	-93.0
produce	v	0.0	0.0	0.0	-1.0	0.0	0.0	0.0	0.0	-1.0	0.0	0.0	0.0	-1.0	-3.0	0.0	-1.0	0.0	-2.0	-5.0	0.0	-42.0	-2.0	-49.0	-83.0	0.0
far	r	0.0	0.0	0.0	0.0	0.0	0.0	0.0	-1.0	0.0	0.0	0.0	-1.0	-2.0	-3.0	0.0	0.0	-2.0	-7.0	-8.0	-2.0	-11.0	-10.0	-36.0	-76.0	-13.0
end	n	0.0	0.0	0.0	0.0	0.0	0.0	0.0	0.0	-1.0	-1.0	0.0	0.0	0.0	-3.0	-1.0	-1.0	0.0	-1.0	-4.0	-3.0	-25.0	-6.0	-10.0	-56.0	-105.0
election	n	0.0	0.0	0.0	0.0	0.0	0.0	0.0	0.0	-1.0	0.0	0.0	0.0	0.0	-3.0	0.0	0.0	0.0	-3.0	-7.0	0.0	-2.0	-13.0	-80.0	-143.0	-3.0
location	n	0.0	0.0	0.0	0.0	0.0	0.0	-1.0	0.0	0.0	0.0	0.0	-2.0	0.0	0.0	0.0	-2.0	-3.0	0.0	0.0	0.0	-51.0	-42.0	-3.0	-2.0	-1.0
report	n	0.0	0.0	0.0	0.0	0.0	0.0	-1.0	0.0	0.0	0.0	0.0	-1.0	0.0	0.0	0.0	-2.0	-3.0	-1.0	-1.0	0.0	-25.0	-46.0	-2.0	-41.0	-6.0
possible	a	0.0	0.0	0.0	0.0	0.0	0.0	0.0	0.0	0.0	0.0	0.0	0.0	0.0	0.0	0.0	0.0	0.0	0.0	0.0	0.0	-6.0	-24.0	0.0	-6.0	0.0
win	v	0.0	0.0	0.0	0.0	0.0	0.0	0.0	0.0	0.0	0.0	0.0	0.0	0.0	0.0	0.0	0.0	0.0	0.0	-2.0	0.0	-3.0	-11.0	-2.0	-34.0	0.0
receive	v	0.0	0.0	0.0	0.0	0.0	0.0	0.0	0.0	0.0	-5.0	0.0	0.0	-1.0	0.0	-5.0	0.0	0.0	-2.0	0.0	-12.0	-2.0	-4.0	-14.0	-1.0	-139.0
consider	v	0.0	0.0	0.0	0.0	0.0	0.0	-1.0	0.0	0.0	0.0	0.0	-1.0	0.0	0.0	0.0	0.0	-2.0	-1.0	0.0	-3.0	-2.0	-8.0	-14.0	-14.0	-46.0
number	n	0.0	0.0	0.0	0.0	0.0	0.0	0.0	0.0	0.0	0.0	-4.0	0.0	-2.0	-1.0	0.0	-8.0	-2.0	-9.0	-5.0	-7.0	-108.0	-32.0	-132.0	-158.0	-74.0
size	n	0.0	0.0	0.0	0.0	0.0	0.0	0.0	0.0	0.0	-1.0	0.0	-2.0	0.0	0.0	-3.0	0.0	-6.0	0.0	-1.0	-4.0	-20.0	-65.0	-5.0	-31.0	-118.0
city	n	0.0	0.0	0.0	0.0	0.0	0.0	0.0	0.0	0.0	0.0	0.0	0.0	0.0	-1.0	0.0	-1.0	0.0	0.0	-6.0	-3.0	-6.0	-8.0	-1.0	-116.0	-26.0
law	n	0.0	0.0	0.0	-1.0	0.0	0.0	0.0	0.0	-1.0	0.0	0.0	0.0	0.0	-3.0	0.0	-1.0	0.0	-1.0	-4.0	0.0	-36.0	-4.0	-17.0	-80.0	-14.0
recommend	v	0.0	0.0	0.0	0.0	0.0	-1.0	0.0	-1.0	0.0	0.0	-3.0	-1.0	-1.0	0.0	0.0	-6.0	-2.0	-7.0	-2.0	0.0	-105.0	-53.0	-43.0	-41.0	0.0
act	v	-1.0	0.0	0.0	0.0	-1.0	-3.0	-1.0	0.0	-1.0	-1.0	-3.0	-1.0	-2.0	-3.0	-1.0	-13.0	-1.0	-6.0	-6.0	-2.0	-211.0	-6.0	-121.0	-169.0	-96.0
study	v	0.0	0.0	0.0	0.0	0.0	0.0	-2.0	0.0	0.0	-1.0	0.0	-2.0	0.0	0.0	-1.0	0.0	-11.0	-1.0	0.0	-5.0	-4.0	-120.0	-12.0	-4.0	-67.0
improve	v	0.0	0.0	0.0	0.0	0.0	0.0	0.0	0.0	0.0	-2.0	0.0	0.0	0.0	0.0	-4.0	0.0	0.0	-3.0	0.0	-13.0	-43.0	0.0	-31.0	-5.0	-186.0
operate	v	0.0	0.0	0.0	0.0	0.0	0.0	0.0	-2.0	0.0	0.0	0.0	0.0	-2.0	0.0	0.0	0.0	-1.0	-12.0	0.0	0.0	-4.0	-36.0	-175.0	-3.0	-7.0
best	a	0.0	0.0	0.0	-1.0	0.0	0.0	0.0	0.0	-1.0	0.0	0.0	0.0	0.0	-2.0	-1.0	0.0	0.0	0.0	-4.0	-2.0	0.0	0.0	-3.0	-31.0	-22.0
government	n	0.0	0.0	0.0	0.0	0.0	0.0	0.0	0.0	0.0	0.0	0.0	0.0	0.0	0.0	-1.0	0.0	-1.0	0.0	-2.0	-7.0	-2.0	-10.0	0.0	-22.0	-46.0
believe	v	0.0	0.0	0.0	0.0	0.0	0.0	-2.0	0.0	-1.0	0.0	0.0	-6.0	0.0	-1.0	0.0	0.0	-28.0	0.0	-1.0	-1.0	-5.0	-219.0	-5.0	-16.0	-5.0
office	n	0.0	0.0	0.0	0.0	0.0	0.0	0.0	0.0	-1.0	0.0	0.0	0.0	0.0	-1.0	0.0	0.0	-5.0	-1.0	-1.0	0.0	-18.0	-167.0	-5.0	-46.0	-4.0
achieve	v	0.0	0.0	0.0	0.0	0.0	0.0	0.0	0.0	-2.0	0.0	-4.0	0.0	0.0	-3.0	0.0	-10.0	0.0	-1.0	-8.0	0.0	-122.0	-6.0	-16.0	-105.0	-7.0
great	a	0.0	0.0	0.0	0.0	0.0	0.0	0.0	-1.0	0.0	-1.0	0.0	0.0	-1.0	-1.0	-3.0	-2.0	-2.0	-2.0	-5.0	-5.0	-29.0	-22.0	-21.0	-89.0	-74.0
reduce	v	0.0	0.0	0.0	0.0	0.0	0.0	0.0	-2.0	0.0	-1.0	-1.0	0.0	-6.0	0.0	-2.0	-2.0	-3.0	-16.0	0.0	-5.0	-22.0	-47.0	-225.0	-28.0	-52.0
cost	n	0.0	0.0	0.0	0.0	0.0	0.0	0.0	0.0	0.0	0.0	-1.0	0.0	0.0	0.0	-1.0	-7.0	-1.0	-1.0	0.0	-4.0	-111.0	-33.0	-100.0	-55.0	-81.0
result	n	0.0	0.0	0.0	0.0	0.0	0.0	0.0	-1.0	-1.0	0.0	0.0	0.0	-1.0	-3.0	0.0	0.0	0.0	-1.0	-9.0	0.0	-2.0	0.0	-25.0	-145.0	-22.0
step	n	0.0	0.0	0.0	0.0	0.0	-2.0	0.0	0.0	-1.0	-1.0	-4.0	0.0	0.0	-1.0	-1.0	-7.0	-2.0	-1.0	-1.0	-5.0	-115.0	-38.0	-55.0	-22.0	-72.0
problem	n	0.0	0.0	0.0	0.0	0.0	0.0	0.0	-1.0	0.0	0.0	0.0	0.0	-1.0	-2.0	0.0	0.0	-1.0	-3.0	-2.0	-1.0	0.0	-60.0	-64.0	-78.0	-80.0
provide	v	0.0	0.0	0.0	0.0	0.0	0.0	0.0	0.0	0.0	0.0	0.0	0.0	0.0	0.0	0.0	0.0	0.0	-2.0	0.0	0.0	-2.0	-50.0	-28.0	-2.0	-2.0
effective	a	0.0	0.0	0.0	0.0	0.0	0.0	0.0	-2.0	0.0	0.0	0.0	-1.0	-2.0	0.0	0.0	-3.0	-3.0	-3.0	0.0	-1.0	-58.0	-30.0	-111.0	-3.0	-41.0
major	a	0.0	0.0	0.0	0.0	0.0	0.0	0.0	0.0	0.0	0.0	0.0	0.0	0.0	0.0	0.0	-1.0	-1.0	-2.0	0.0	0.0	-36.0	-4.0	-35.0	-9.0	-20.0
item	n	0.0	0.0	-2.0	0.0	0.0	0.0	0.0	-2.0	0.0	0.0	0.0	0.0	-3.0	0.0	-1.0	0.0	0.0	-9.0	-2.0	-4.0	-10.0	0.0	-92.0	-24.0	-58.0
general	a	0.0	0.0	0.0	0.0	0.0	0.0	0.0	0.0	-1.0	0.0	-1.0	0.0	0.0	-1.0	0.0	-3.0	0.0	0.0	-2.0	-2.0	-47.0	-54.0	-14.0	-13.0	-25.0
program	n	0.0	0.0	0.0	0.0	0.0	-1.0	0.0	0.0	0.0	0.0	-2.0	0.0	-1.0	0.0	-1.0	-2.0	0.0	-3.0	-1.0	-2.0	-38.0	-7.0	-47.0	-11.0	-60.0
state	n	0.0	0.0	0.0	0.0	0.0	0.0	-1.0	0.0	0.0	0.0	0.0	-1.0	0.0	0.0	0.0	0.0	-1.0	0.0	0.0	0.0	-14.0	-22.0	-20.0	-3.0	0.0
money	n	0.0	-1.0	0.0	0.0	0.0	0.0	-1.0	0.0	0.0	0.0	-2.0	-1.0	0.0	-1.0	0.0	-4.0	-1.0	-3.0	-2.0	0.0	-95.0	-3.0	-56.0	-19.0	0.0
realize	v	0.0	0.0	0.0	0.0	0.0	-1.0	-1.0	0.0	0.0	0.0	-6.0	-2.0	0.0	0.0	0.0	-31.0	-11.0	0.0	0.0	0.0	-203.0	-178.0	-1.0	-22.0	-1.0
feel	v	0.0	0.0	0.0	0.0	0.0	0.0	0.0	0.0	0.0	-2.0	0.0	-1.0	0.0	0.0	-3.0	0.0	-3.0	0.0	0.0	-7.0	-1.0	-69.0	-3.0	-9.0	-77.0
available	a	0.0	0.0	0.0	0.0	0.0	0.0	0.0	0.0	0.0	0.0	0.0	-1.0	0.0	0.0	0.0	-1.0	-7.0	-2.0	0.0	0.0	-34.0	-99.0	-40.0	-8.0	-74.0
continue	v	0.0	0.0	0.0	0.0	0.0	0.0	0.0	-1.0	-1.0	0.0	0.0	0.0	-1.0	-2.0	-1.0	0.0	-1.0	-1.0	-10.0	-4.0	-12.0	-11.0	-7.0	-153.0	-59.0
action	n	0.0	0.0	0.0	0.0	0.0	0.0	0.0	0.0	0.0	0.0	0.0	0.0	0.0	0.0	0.0	0.0	0.0	0.0	0.0	0.0	-10.0	-10.0	-3.0	-6.0	-30.0
new	a	0.0	-1.0	0.0	0.0	0.0	0.0	-1.0	0.0	0.0	0.0	0.0	-1.0	-1.0	0.0	0.0	-1.0	-3.0	-1.0	0.0	-1.0	-19.0	-21.0	-29.0	-21.0	-3.0
eliminate	v	0.0	0.0	0.0	0.0	0.0	0.0	0.0	0.0	0.0	0.0	0.0	0.0	0.0	0.0	0.0	0.0	0.0	0.0	0.0	-1.0	-1.0	-1.0	0.0	-2.0	-41.0
political	a	0.0	0.0	0.0	0.0	0.0	0.0	0.0	0.0	0.0	-1.0	0.0	0.0	0.0	0.0	-4.0	-4.0	-1.0	-2.0	0.0	-17.0	-94.0	-60.0	-64.0	0.0	-267.0
purpose	n	0.0	0.0	0.0	0.0	0.0	0.0	0.0	0.0	0.0	-1.0	0.0	0.0	0.0	-1.0	-1.0	-4.0	-1.0	0.0	-5.0	-1.0	-114.0	-30.0	0.0	-38.0	-32.0
price	n	0.0	0.0	0.0	0.0	0.0	0.0	0.0	-1.0	0.0	0.0	-1.0	0.0	-1.0	0.0	-1.0	-4.0	-4.0	-4.0	-1.0	-5.0	-93.0	-66.0	-124.0	-12.0	-67.0
matter	n	0.0	0.0	0.0	0.0	0.0	-1.0	0.0	0.0	0.0	0.0	-3.0	0.0	0.0	0.0	0.0	-5.0	0.0	0.0	-4.0	0.0	-46.0	-2.0	-6.0	-92.0	-8.0
employ	v	0.0	0.0	0.0	0.0	0.0	0.0	0.0	0.0	-1.0	0.0	0.0	0.0	0.0	-1.0	0.0	0.0	0.0	-3.0	-4.0	0.0	-4.0	-14.0	-67.0	-63.0	-9.0
doctor	n	0.0	0.0	0.0	0.0	0.0	-1.0	0.0	0.0	0.0	0.0	-1.0	-2.0	0.0	0.0	0.0	-7.0	-2.0	0.0	0.0	-3.0	-168.0	-36.0	-19.0	-1.0	-42.0
night	n	0.0	0.0	0.0	0.0	-1.0	0.0	0.0	-1.0	0.0	-1.0	0.0	0.0	-1.0	0.0	-1.0	-5.0	0.0	-1.0	0.0	-2.0	-68.0	-14.0	-9.0	-3.0	-6.0
plan	n	0.0	0.0	-1.0	0.0	0.0	0.0	-1.0	-4.0	0.0	0.0	0.0	-2.0	-4.0	0.0	0.0	-1.0	-4.0	-7.0	-1.0	0.0	-15.0	-89.0	-166.0	-39.0	0.0
employee	n	-1.0	0.0	0.0	0.0	0.0	-3.0	0.0	0.0	0.0	-1.0	-6.0	0.0	0.0	0.0	-1.0	-12.0	0.0	0.0	0.0	-2.0	-219.0	-2.0	-58.0	-3.0	-7.0
file	v	0.0	0.0	-1.0	0.0	0.0	0.0	0.0	-1.0	0.0	0.0	0.0	0.0	-1.0	0.0	0.0	0.0	-1.0	-1.0	0.0	0.0	-9.0	-35.0	-16.0	-13.0	0.0
wife	n	0.0	0.0	0.0	0.0	0.0	0.0	0.0	0.0	0.0	-1.0	0.0	-1.0	0.0	0.0	-1.0	0.0	-4.0	-5.0	-5.0	-2.0	0.0	-82.0	-80.0	-58.0	-71.0
live	v	0.0	0.0	0.0	0.0	0.0	0.0	0.0	0.0	-1.0	-1.0	0.0	0.0	0.0	-2.0	-3.0	0.0	-1.0	0.0	-6.0	-5.0	-25.0	-2.0	-9.0	-57.0	-128.0
year	n	0.0	0.0	0.0	0.0	0.0	0.0	0.0	-2.0	0.0	0.0	-1.0	-1.0	-4.0	0.0	-2.0	-2.0	-2.0	-11.0	-1.0	-11.0	-33.0	-19.0	-214.0	-28.0	-203.0
person	n	0.0	0.0	0.0	0.0	-1.0	0.0	0.0	0.0	0.0	-1.0	-1.0	0.0	-1.0	0.0	-2.0	-2.0	0.0	-4.0	0.0	-3.0	-57.0	-5.0	-42.0	0.0	-59.0
present	a	0.0	0.0	0.0	0.0	0.0	0.0	-1.0	0.0	0.0	0.0	0.0	-1.0	0.0	0.0	0.0	0.0	-1.0	0.0	-1.0	-2.0	-5.0	-18.0	-2.0	-10.0	-43.0
announce	v	0.0	0.0	0.0	0.0	0.0	0.0	0.0	-3.0	0.0	0.0	0.0	-3.0	-4.0	0.0	0.0	-1.0	-8.0	-12.0	0.0	0.0	-13.0	-93.0	-101.0	-9.0	-3.0
run	v	0.0	0.0	0.0	0.0	0.0	0.0	0.0	0.0	0.0	0.0	0.0	0.0	0.0	0.0	0.0	-1.0	0.0	0.0	-3.0	0.0	-13.0	-9.0	-2.0	-62.0	-9.0
strong	a	0.0	0.0	0.0	0.0	0.0	0.0	0.0	0.0	0.0	0.0	0.0	0.0	-1.0	0.0	0.0	0.0	-1.0	-6.0	-2.0	-3.0	-4.0	-32.0	-66.0	-27.0	-84.0
hold	v	0.0	0.0	0.0	0.0	0.0	0.0	0.0	0.0	0.0	0.0	0.0	0.0	0.0	0.0	-1.0	0.0	0.0	0.0	0.0	-2.0	-1.0	0.0	-7.0	-4.0	-48.0
bring	v	0.0	0.0	0.0	0.0	0.0	0.0	0.0	0.0	-1.0	0.0	0.0	0.0	0.0	-1.0	0.0	0.0	-1.0	-1.0	-3.0	0.0	-1.0	-14.0	-36.0	-30.0	-2.0
audience	n	0.0	0.0	0.0	0.0	0.0	0.0	0.0	-1.0	0.0	0.0	0.0	0.0	-1.0	0.0	-1.0	-1.0	0.0	-4.0	0.0	-2.0	-33.0	-12.0	-42.0	-3.0	-29.0
force	v	0.0	0.0	0.0	0.0	0.0	0.0	0.0	0.0	-1.0	0.0	0.0	-2.0	0.0	-1.0	0.0	0.0	-5.0	0.0	-3.0	-2.0	-4.0	-132.0	-5.0	-45.0	-28.0
obtain	v	0.0	0.0	0.0	0.0	0.0	-1.0	0.0	0.0	-4.0	0.0	-2.0	-1.0	0.0	-5.0	0.0	-5.0	-1.0	-1.0	-7.0	-4.0	-103.0	-10.0	-22.0	-63.0	-72.0
attend	v	0.0	0.0	0.0	0.0	0.0	0.0	0.0	0.0	0.0	0.0	0.0	0.0	-1.0	0.0	-1.0	0.0	0.0	-1.0	0.0	-8.0	-11.0	-5.0	-29.0	0.0	-162.0
ask	v	0.0	0.0	0.0	0.0	0.0	0.0	0.0	0.0	0.0	0.0	0.0	-1.0	0.0	0.0	0.0	0.0	-2.0	0.0	-1.0	0.0	-15.0	-69.0	-18.0	-30.0	-1.0
want	v	0.0	0.0	0.0	0.0	0.0	0.0	-1.0	0.0	0.0	-1.0	-1.0	-2.0	0.0	-1.0	-8.0	-2.0	-4.0	-1.0	-5.0	-42.0	-46.0	-62.0	-2.0	-76.0	-321.0
make	v	0.0	0.0	0.0	0.0	0.0	0.0	0.0	0.0	0.0	0.0	0.0	0.0	0.0	0.0	0.0	0.0	0.0	-3.0	-5.0	0.0	-4.0	-1.0	-21.0	-87.0	-41.0
face	v	0.0	0.0	0.0	0.0	0.0	0.0	0.0	0.0	0.0	0.0	0.0	0.0	0.0	0.0	0.0	-2.0	0.0	-6.0	-3.0	0.0	-90.0	-8.0	-125.0	-45.0	-3.0
party	n	0.0	0.0	0.0	0.0	0.0	0.0	0.0	0.0	0.0	0.0	0.0	0.0	0.0	0.0	0.0	-1.0	-1.0	0.0	-2.0	-1.0	-7.0	-9.0	-6.0	-26.0	-8.0
time	n	-1.0	-1.0	-1.0	0.0	-1.0	-1.0	-1.0	-5.0	0.0	-1.0	-1.0	-1.0	-6.0	0.0	-1.0	-1.0	-3.0	-10.0	0.0	-2.0	-9.0	-38.0	-48.0	-1.0	-41.0
start	v	0.0	0.0	0.0	0.0	0.0	0.0	0.0	0.0	0.0	0.0	0.0	-2.0	0.0	0.0	0.0	0.0	-7.0	0.0	0.0	-2.0	-20.0	-83.0	-9.0	-21.0	-85.0
head	v	0.0	0.0	0.0	0.0	0.0	0.0	-1.0	0.0	0.0	0.0	0.0	-2.0	0.0	0.0	0.0	0.0	-2.0	0.0	-1.0	0.0	-1.0	-24.0	-1.0	-85.0	-1.0
home	r	0.0	0.0	0.0	0.0	0.0	0.0	0.0	0.0	0.0	0.0	0.0	-1.0	-1.0	-1.0	0.0	0.0	-3.0	-1.0	-2.0	0.0	-6.0	-24.0	-4.0	-65.0	0.0
mention	v	0.0	0.0	0.0	0.0	0.0	0.0	0.0	0.0	0.0	0.0	0.0	0.0	0.0	-5.0	0.0	0.0	0.0	0.0	-12.0	0.0	-2.0	-2.0	-4.0	-174.0	-1.0
learn	v	0.0	0.0	0.0	0.0	0.0	0.0	-2.0	-2.0	0.0	0.0	0.0	-2.0	-2.0	0.0	0.0	0.0	-7.0	-5.0	0.0	0.0	-10.0	-75.0	-98.0	-12.0	-1.0
ready	a	0.0	0.0	0.0	0.0	0.0	0.0	0.0	0.0	0.0	0.0	-1.0	0.0	-2.0	-2.0	0.0	-2.0	0.0	-10.0	-4.0	0.0	-17.0	-4.0	-225.0	-79.0	-5.0
issue	v	0.0	0.0	0.0	0.0	0.0	-1.0	0.0	0.0	0.0	0.0	-1.0	0.0	0.0	-1.0	0.0	-3.0	-1.0	-2.0	-3.0	0.0	-75.0	-12.0	-49.0	-55.0	0.0
act	n	0.0	0.0	-1.0	0.0	0.0	0.0	0.0	-2.0	0.0	0.0	0.0	0.0	-2.0	0.0	0.0	-2.0	0.0	-2.0	-1.0	0.0	-30.0	-10.0	-20.0	-25.0	-5.0
begin	v	0.0	0.0	0.0	0.0	0.0	0.0	-3.0	0.0	0.0	0.0	0.0	-6.0	0.0	0.0	0.0	0.0	-18.0	-1.0	-2.0	0.0	-22.0	-241.0	-15.0	-70.0	-15.0
let	v	0.0	0.0	0.0	0.0	-1.0	0.0	0.0	0.0	0.0	-2.0	-1.0	0.0	0.0	0.0	-4.0	-2.0	0.0	-1.0	-13.0	-7.0	-62.0	0.0	-1.0	-199.0	-97.0
source	n	0.0	0.0	-1.0	0.0	0.0	0.0	0.0	-1.0	-1.0	0.0	0.0	0.0	-1.0	-1.0	0.0	0.0	0.0	-5.0	-2.0	-3.0	0.0	-21.0	-43.0	-71.0	-87.0
road	n	0.0	0.0	-1.0	0.0	0.0	0.0	0.0	-1.0	0.0	0.0	0.0	0.0	-1.0	-1.0	0.0	0.0	0.0	-1.0	-3.0	0.0	-25.0	-26.0	-46.0	-76.0	-29.0
old	a	0.0	0.0	0.0	0.0	0.0	-1.0	-3.0	0.0	0.0	0.0	-1.0	-4.0	0.0	0.0	0.0	-4.0	-7.0	-3.0	0.0	0.0	-46.0	-64.0	-38.0	-9.0	-7.0
propose	v	0.0	0.0	0.0	0.0	0.0	0.0	0.0	0.0	0.0	0.0	-1.0	0.0	0.0	0.0	0.0	-3.0	0.0	0.0	-3.0	0.0	-144.0	-13.0	-23.0	-48.0	-4.0
tell	v	0.0	0.0	0.0	0.0	0.0	0.0	0.0	-1.0	-3.0	0.0	0.0	0.0	-1.0	-5.0	0.0	0.0	-6.0	-3.0	-13.0	0.0	-4.0	-69.0	-80.0	-199.0	-3.0
offer	v	0.0	0.0	0.0	0.0	0.0	0.0	0.0	0.0	-1.0	0.0	0.0	0.0	0.0	-1.0	0.0	-2.0	-1.0	-1.0	-1.0	-2.0	-52.0	-22.0	-19.0	-13.0	-28.0
group	n	0.0	0.0	0.0	0.0	0.0	0.0	-1.0	0.0	0.0	0.0	0.0	-3.0	0.0	0.0	-1.0	0.0	-3.0	0.0	0.0	-2.0	0.0	-41.0	-2.0	-10.0	-24.0
body	n	-1.0	0.0	0.0	0.0	0.0	-1.0	0.0	0.0	-2.0	-1.0	-1.0	0.0	-1.0	-2.0	-1.0	-4.0	-1.0	-3.0	-6.0	-8.0	-101.0	-14.0	-52.0	-65.0	-120.0
day	n	0.0	0.0	0.0	0.0	-1.0	0.0	0.0	0.0	0.0	-2.0	0.0	-1.0	0.0	0.0	-2.0	0.0	-1.0	0.0	-1.0	-6.0	-15.0	-32.0	-1.0	-4.0	-90.0
increase	n	0.0	0.0	0.0	0.0	0.0	0.0	0.0	0.0	0.0	0.0	-1.0	0.0	0.0	0.0	0.0	-2.0	-1.0	0.0	-4.0	-4.0	-43.0	-15.0	-43.0	-189.0	-94.0
similar	a	0.0	0.0	0.0	0.0	0.0	-1.0	0.0	0.0	0.0	0.0	-4.0	0.0	0.0	0.0	0.0	-6.0	0.0	-3.0	-7.0	-3.0	-72.0	-13.0	-114.0	-110.0	-64.0
word	n	0.0	0.0	0.0	0.0	0.0	0.0	0.0	0.0	-1.0	-1.0	0.0	0.0	-1.0	-2.0	-6.0	0.0	0.0	-4.0	-3.0	-12.0	-7.0	-7.0	-59.0	-9.0	-112.0
education	n	0.0	0.0	0.0	0.0	0.0	0.0	0.0	0.0	0.0	0.0	0.0	-2.0	0.0	0.0	0.0	0.0	-14.0	-2.0	0.0	-2.0	-42.0	-230.0	-22.0	-8.0	-44.0
public	a	0.0	0.0	0.0	0.0	0.0	0.0	0.0	0.0	0.0	0.0	0.0	0.0	0.0	0.0	0.0	-1.0	-2.0	0.0	0.0	-1.0	-23.0	-33.0	-9.0	-20.0	-19.0
member	n	0.0	0.0	0.0	0.0	0.0	-1.0	0.0	0.0	0.0	0.0	-2.0	0.0	0.0	0.0	0.0	-5.0	-3.0	0.0	-2.0	-1.0	-76.0	-23.0	-2.0	-19.0	-5.0
read	v	0.0	0.0	0.0	0.0	0.0	-1.0	0.0	0.0	0.0	0.0	-1.0	0.0	0.0	-1.0	0.0	-3.0	0.0	0.0	-3.0	0.0	-117.0	-27.0	0.0	-78.0	-13.0
event	n	0.0	0.0	0.0	0.0	0.0	0.0	0.0	0.0	0.0	0.0	-2.0	-2.0	0.0	0.0	0.0	-8.0	-7.0	0.0	-1.0	0.0	-69.0	-91.0	-2.0	-11.0	-5.0
long	a	0.0	-1.0	0.0	0.0	0.0	0.0	-2.0	0.0	-2.0	0.0	0.0	-3.0	0.0	-2.0	-2.0	0.0	-4.0	0.0	-5.0	-9.0	-16.0	-53.0	-34.0	-98.0	-95.0
just	r	0.0	0.0	0.0	0.0	0.0	0.0	0.0	0.0	0.0	0.0	0.0	-1.0	0.0	0.0	0.0	0.0	-1.0	0.0	0.0	-1.0	-1.0	-13.0	-6.0	-42.0	-19.0
n't	r	0.0	0.0	-1.0	-1.0	0.0	0.0	-1.0	-2.0	-2.0	-1.0	0.0	-1.0	-3.0	-3.0	-3.0	0.0	-2.0	-6.0	-9.0	-4.0	-2.0	-36.0	-56.0	-58.0	-37.0
trouble	n	0.0	0.0	0.0	0.0	0.0	0.0	0.0	0.0	0.0	0.0	0.0	0.0	0.0	0.0	-1.0	0.0	0.0	0.0	0.0	-1.0	-4.0	0.0	-12.0	0.0	-6.0
mark	v	0.0	0.0	0.0	0.0	0.0	0.0	0.0	0.0	0.0	0.0	0.0	0.0	0.0	0.0	0.0	0.0	0.0	0.0	-2.0	0.0	-10.0	-21.0	-3.0	-15.0	-21.0
soon	r	0.0	0.0	0.0	0.0	0.0	0.0	0.0	0.0	0.0	0.0	0.0	0.0	0.0	0.0	-2.0	0.0	0.0	-1.0	0.0	-3.0	-35.0	-2.0	-73.0	-9.0	-100.0
local	a	0.0	0.0	0.0	0.0	0.0	0.0	0.0	0.0	0.0	0.0	0.0	0.0	0.0	-1.0	0.0	0.0	0.0	0.0	-3.0	0.0	-29.0	-50.0	-31.0	-40.0	-3.0
gun	n	0.0	0.0	0.0	0.0	0.0	0.0	0.0	-1.0	0.0	0.0	0.0	0.0	-3.0	0.0	-1.0	0.0	0.0	-4.0	0.0	-2.0	-11.0	-31.0	-73.0	-14.0	-64.0
certain	a	0.0	-1.0	0.0	0.0	0.0	0.0	-2.0	0.0	0.0	0.0	0.0	-3.0	0.0	0.0	0.0	0.0	-6.0	-1.0	0.0	0.0	-10.0	-66.0	-29.0	-28.0	-3.0
week	n	-1.0	0.0	0.0	0.0	0.0	-1.0	-1.0	-1.0	0.0	0.0	-2.0	-3.0	-2.0	0.0	0.0	-5.0	-8.0	-4.0	0.0	-1.0	-31.0	-57.0	-18.0	-3.0	-22.0
question	n	0.0	0.0	0.0	0.0	0.0	-3.0	-1.0	0.0	0.0	0.0	-7.0	-2.0	0.0	-1.0	0.0	-10.0	-8.0	0.0	-2.0	0.0	-133.0	-98.0	-3.0	-25.0	0.0
appear	v	0.0	0.0	0.0	0.0	0.0	0.0	-1.0	0.0	0.0	-1.0	-1.0	-1.0	-1.0	0.0	-1.0	-2.0	-2.0	-4.0	0.0	-3.0	-18.0	-11.0	-42.0	-22.0	-75.0
little	a	0.0	0.0	0.0	0.0	0.0	0.0	0.0	0.0	0.0	0.0	0.0	0.0	-1.0	-1.0	0.0	0.0	0.0	-2.0	-1.0	-2.0	-3.0	-11.0	-25.0	-15.0	-27.0
help	v	0.0	0.0	-1.0	0.0	0.0	-1.0	0.0	-2.0	-1.0	0.0	-2.0	0.0	-5.0	-1.0	0.0	-5.0	0.0	-11.0	-1.0	0.0	-104.0	-2.0	-192.0	-14.0	-2.0
merely	r	0.0	-2.0	0.0	0.0	0.0	-1.0	-2.0	-1.0	0.0	0.0	-8.0	-3.0	-1.0	0.0	0.0	-16.0	-10.0	-4.0	0.0	0.0	-227.0	-122.0	-45.0	-7.0	-8.0
means	n	0.0	0.0	-1.0	0.0	0.0	0.0	-1.0	-1.0	0.0	0.0	-2.0	-1.0	-2.0	0.0	-1.0	-7.0	-4.0	-5.0	0.0	-3.0	-42.0	-33.0	-63.0	-2.0	-16.0
report	v	0.0	0.0	0.0	0.0	0.0	0.0	0.0	0.0	-1.0	0.0	0.0	0.0	0.0	-1.0	0.0	0.0	0.0	-1.0	-4.0	0.0	-11.0	-5.0	-46.0	-63.0	-7.0
declare	v	0.0	0.0	0.0	0.0	0.0	0.0	0.0	0.0	0.0	0.0	0.0	-1.0	0.0	-1.0	-1.0	-1.0	-2.0	0.0	-2.0	-6.0	-17.0	-58.0	-3.0	-20.0	-186.0
sound	v	0.0	-2.0	0.0	0.0	0.0	0.0	-2.0	0.0	0.0	-2.0	-1.0	-4.0	0.0	0.0	-3.0	-2.0	-12.0	-2.0	0.0	-11.0	-11.0	-196.0	-60.0	-11.0	-158.0
deny	v	0.0	0.0	0.0	0.0	0.0	0.0	0.0	0.0	0.0	0.0	0.0	-2.0	0.0	0.0	0.0	-1.0	-13.0	0.0	0.0	-1.0	-4.0	-272.0	0.0	-10.0	-6.0
include	v	0.0	0.0	0.0	0.0	0.0	0.0	0.0	-1.0	0.0	0.0	0.0	0.0	-2.0	0.0	-1.0	0.0	-3.0	-9.0	-1.0	-1.0	-12.0	-42.0	-125.0	-21.0	-20.0
argue	v	0.0	0.0	0.0	0.0	0.0	0.0	0.0	-1.0	0.0	-1.0	0.0	0.0	-1.0	0.0	-2.0	-4.0	0.0	-2.0	-2.0	-9.0	-55.0	-10.0	-35.0	-46.0	-47.0
probably	r	0.0	0.0	0.0	0.0	0.0	0.0	-1.0	0.0	-1.0	-1.0	0.0	-3.0	0.0	-2.0	-2.0	-1.0	-4.0	0.0	-3.0	-2.0	-14.0	-129.0	-13.0	-51.0	-38.0
special	a	0.0	0.0	0.0	0.0	0.0	0.0	0.0	0.0	0.0	-1.0	0.0	0.0	0.0	0.0	-2.0	-1.0	-1.0	0.0	0.0	-3.0	-9.0	-3.0	-13.0	0.0	-31.0
student	n	0.0	0.0	0.0	0.0	0.0	0.0	0.0	0.0	0.0	0.0	0.0	-1.0	0.0	0.0	0.0	0.0	-2.0	0.0	0.0	0.0	-3.0	-19.0	-7.0	0.0	-9.0
require	v	0.0	0.0	0.0	0.0	0.0	0.0	-1.0	0.0	-1.0	-1.0	0.0	-1.0	0.0	-1.0	-4.0	-1.0	-1.0	0.0	-5.0	-21.0	-10.0	-25.0	-53.0	-81.0	-244.0
child	n	0.0	0.0	0.0	0.0	0.0	-2.0	0.0	0.0	0.0	0.0	-2.0	0.0	0.0	0.0	0.0	-8.0	0.0	0.0	0.0	0.0	-98.0	-25.0	-25.0	-4.0	-6.0
come	v	0.0	0.0	0.0	0.0	0.0	0.0	0.0	0.0	0.0	-1.0	0.0	-1.0	-2.0	-2.0	-1.0	0.0	-1.0	-5.0	-3.0	-1.0	0.0	-33.0	-110.0	-27.0	-10.0
school	n	0.0	0.0	0.0	0.0	0.0	0.0	0.0	0.0	0.0	0.0	0.0	0.0	0.0	0.0	0.0	-2.0	0.0	0.0	0.0	-1.0	-21.0	-7.0	-5.0	0.0	-35.0
hear	v	0.0	0.0	0.0	0.0	0.0	0.0	0.0	-2.0	0.0	0.0	0.0	0.0	-2.0	0.0	0.0	0.0	0.0	-6.0	0.0	0.0	-13.0	-31.0	-97.0	-5.0	0.0
think	v	0.0	0.0	0.0	0.0	0.0	-1.0	0.0	0.0	0.0	-1.0	-2.0	0.0	0.0	-1.0	-4.0	-4.0	-3.0	0.0	-2.0	-14.0	-88.0	-77.0	-16.0	-105.0	-184.0
letter	n	0.0	0.0	0.0	0.0	0.0	0.0	0.0	0.0	0.0	0.0	0.0	0.0	0.0	0.0	0.0	0.0	-2.0	0.0	-1.0	0.0	-19.0	-40.0	0.0	-35.0	-2.0
people	n	0.0	-1.0	0.0	0.0	0.0	-1.0	-1.0	-1.0	-2.0	0.0	-1.0	-1.0	-1.0	-4.0	0.0	-3.0	-2.0	-3.0	-11.0	0.0	-100.0	-30.0	-34.0	-200.0	-3.0
later	r	0.0	0.0	-1.0	0.0	0.0	0.0	0.0	-1.0	0.0	0.0	0.0	0.0	-3.0	0.0	-1.0	0.0	-4.0	-9.0	-1.0	-5.0	-8.0	-41.0	-91.0	-18.0	-77.0
finally	r	0.0	0.0	0.0	0.0	0.0	-2.0	0.0	0.0	-1.0	0.0	-3.0	0.0	0.0	-2.0	0.0	-10.0	-1.0	-3.0	-5.0	-1.0	-187.0	-70.0	-58.0	-101.0	-60.0
send	v	0.0	0.0	0.0	0.0	0.0	0.0	0.0	-1.0	0.0	0.0	0.0	0.0	-2.0	0.0	0.0	0.0	-1.0	-6.0	0.0	-1.0	-2.0	-25.0	-63.0	0.0	-27.0
instead	r	0.0	0.0	0.0	0.0	0.0	-1.0	0.0	0.0	0.0	-4.0	-3.0	0.0	-3.0	0.0	-6.0	-6.0	0.0	-10.0	-1.0	-22.0	-135.0	0.0	-127.0	-33.0	-170.0
company	n	0.0	0.0	0.0	0.0	0.0	0.0	0.0	0.0	-1.0	0.0	0.0	-1.0	0.0	-1.0	0.0	0.0	-3.0	0.0	-2.0	0.0	-18.0	-35.0	-12.0	-25.0	-2.0
right	n	0.0	0.0	-1.0	0.0	0.0	0.0	0.0	-3.0	0.0	-1.0	0.0	0.0	-3.0	-1.0	-1.0	-1.0	-1.0	-9.0	-3.0	-1.0	-1.0	-28.0	-119.0	-50.0	-8.0
suggest	v	0.0	0.0	-1.0	0.0	0.0	0.0	-1.0	-2.0	0.0	0.0	0.0	-5.0	-2.0	0.0	0.0	-1.0	-10.0	-10.0	-1.0	0.0	-24.0	-113.0	-111.0	-11.0	-13.0
need	n	0.0	0.0	-1.0	-1.0	-1.0	0.0	0.0	-1.0	-1.0	-2.0	-1.0	0.0	-1.0	-3.0	-3.0	-3.0	0.0	-3.0	-17.0	-6.0	-11.0	-35.0	-57.0	-219.0	-25.0
select	v	0.0	0.0	0.0	0.0	0.0	0.0	0.0	0.0	0.0	0.0	0.0	0.0	0.0	0.0	0.0	0.0	0.0	0.0	0.0	-2.0	-1.0	-45.0	-6.0	0.0	-198.0
house	n	0.0	0.0	0.0	0.0	0.0	0.0	0.0	0.0	0.0	0.0	0.0	0.0	0.0	0.0	0.0	-1.0	-1.0	-2.0	0.0	0.0	-4.0	-20.0	-57.0	-2.0	-33.0
decide	v	0.0	0.0	0.0	0.0	0.0	0.0	0.0	0.0	0.0	0.0	0.0	-3.0	-1.0	-1.0	0.0	0.0	-7.0	-10.0	-6.0	0.0	-4.0	-69.0	-89.0	-155.0	-25.0
kind	n	0.0	0.0	0.0	0.0	0.0	0.0	0.0	0.0	0.0	0.0	0.0	0.0	0.0	-1.0	-2.0	-1.0	0.0	-1.0	-4.0	-6.0	-34.0	-9.0	-27.0	-75.0	-86.0
idea	n	0.0	0.0	0.0	0.0	0.0	0.0	0.0	0.0	0.0	0.0	0.0	0.0	-1.0	0.0	0.0	-1.0	0.0	-2.0	0.0	-1.0	-16.0	-13.0	-44.0	-4.0	-26.0
kill	v	0.0	0.0	0.0	0.0	0.0	0.0	0.0	0.0	0.0	0.0	0.0	0.0	0.0	0.0	0.0	0.0	-1.0	0.0	0.0	-1.0	0.0	-14.0	0.0	0.0	-27.0
set	v	0.0	0.0	0.0	0.0	0.0	0.0	0.0	0.0	0.0	0.0	0.0	-1.0	0.0	0.0	0.0	0.0	-1.0	0.0	0.0	0.0	-17.0	-8.0	-3.0	-11.0	-4.0
big	a	0.0	0.0	0.0	0.0	0.0	0.0	-2.0	-1.0	0.0	0.0	0.0	-4.0	-2.0	0.0	-1.0	-2.0	-15.0	-3.0	-1.0	-4.0	-16.0	-148.0	-55.0	-9.0	-47.0
insist	v	0.0	0.0	0.0	0.0	0.0	-3.0	-1.0	0.0	-4.0	0.0	-5.0	-3.0	0.0	-8.0	-1.0	-8.0	-4.0	0.0	-19.0	-2.0	-70.0	-68.0	-4.0	-247.0	-12.0
effort	n	0.0	0.0	0.0	0.0	0.0	0.0	0.0	0.0	0.0	0.0	0.0	0.0	0.0	0.0	0.0	0.0	0.0	-1.0	-1.0	-1.0	-9.0	-4.0	-30.0	-29.0	-70.0
place	n	0.0	0.0	0.0	0.0	0.0	-2.0	0.0	0.0	0.0	0.0	-3.0	0.0	0.0	-1.0	0.0	-4.0	-1.0	0.0	-1.0	0.0	-16.0	-5.0	0.0	-4.0	-17.0
end	v	0.0	0.0	0.0	0.0	0.0	0.0	0.0	0.0	0.0	0.0	0.0	0.0	-1.0	0.0	0.0	0.0	0.0	-2.0	0.0	0.0	-1.0	-10.0	-12.0	0.0	-2.0
increase	v	0.0	0.0	0.0	0.0	0.0	0.0	-2.0	0.0	0.0	-1.0	0.0	-3.0	-2.0	0.0	-2.0	0.0	-14.0	-9.0	-1.0	-6.0	-5.0	-92.0	-94.0	-21.0	-56.0
large	a	0.0	-1.0	0.0	0.0	0.0	0.0	-2.0	0.0	0.0	-1.0	0.0	-4.0	0.0	0.0	-1.0	-1.0	-4.0	0.0	0.0	-2.0	-9.0	-31.0	-18.0	-14.0	-47.0
spend	v	0.0	0.0	0.0	0.0	0.0	0.0	0.0	0.0	0.0	0.0	0.0	0.0	0.0	0.0	0.0	0.0	0.0	-9.0	-1.0	0.0	-2.0	-24.0	-129.0	-37.0	-2.0
statement	n	0.0	0.0	0.0	0.0	0.0	0.0	0.0	0.0	0.0	0.0	0.0	0.0	0.0	0.0	0.0	0.0	-6.0	-1.0	0.0	0.0	-4.0	-92.0	-26.0	-25.0	-12.0
boy	n	0.0	-1.0	0.0	0.0	0.0	0.0	-1.0	0.0	0.0	0.0	-1.0	-7.0	0.0	0.0	0.0	-3.0	-15.0	0.0	0.0	-3.0	-30.0	-178.0	-9.0	-23.0	-52.0
method	n	0.0	0.0	0.0	0.0	0.0	0.0	0.0	0.0	0.0	0.0	0.0	0.0	0.0	0.0	0.0	0.0	0.0	0.0	0.0	0.0	-34.0	-8.0	-14.0	-18.0	-29.0
teach	v	0.0	0.0	0.0	0.0	-1.0	0.0	0.0	0.0	0.0	-1.0	0.0	0.0	0.0	0.0	-1.0	-1.0	0.0	-3.0	0.0	-8.0	-8.0	-4.0	-24.0	-7.0	-200.0
history	n	0.0	0.0	0.0	0.0	0.0	0.0	0.0	0.0	0.0	0.0	0.0	0.0	0.0	0.0	-1.0	0.0	0.0	-3.0	0.0	-1.0	0.0	-28.0	-50.0	0.0	-45.0
normal	a	0.0	0.0	0.0	0.0	0.0	0.0	0.0	0.0	0.0	-1.0	0.0	0.0	0.0	0.0	-1.0	-1.0	0.0	0.0	-3.0	-1.0	-21.0	-51.0	-5.0	-28.0	-45.0
join	v	0.0	0.0	0.0	0.0	0.0	0.0	0.0	0.0	0.0	0.0	0.0	0.0	0.0	0.0	0.0	-2.0	0.0	-1.0	-4.0	0.0	-70.0	-12.0	-8.0	-60.0	-4.0
degree	n	0.0	0.0	0.0	0.0	0.0	0.0	0.0	-1.0	0.0	0.0	0.0	0.0	-1.0	-1.0	0.0	0.0	0.0	-2.0	-1.0	0.0	-42.0	-1.0	-55.0	-13.0	-23.0
family	n	0.0	0.0	0.0	0.0	0.0	0.0	0.0	0.0	0.0	0.0	0.0	0.0	0.0	0.0	0.0	0.0	0.0	-2.0	0.0	-1.0	-31.0	-13.0	-19.0	-2.0	-10.0
volume	n	0.0	0.0	0.0	0.0	0.0	0.0	0.0	0.0	0.0	0.0	-1.0	0.0	0.0	0.0	0.0	-4.0	-1.0	0.0	0.0	0.0	-106.0	-16.0	-1.0	-5.0	-2.0
case	n	-1.0	0.0	0.0	0.0	0.0	-1.0	0.0	0.0	0.0	0.0	-1.0	0.0	0.0	0.0	0.0	-3.0	0.0	0.0	0.0	0.0	-16.0	-1.0	-1.0	-12.0	-5.0
community	n	-2.0	0.0	0.0	0.0	0.0	-2.0	0.0	0.0	0.0	0.0	-3.0	0.0	0.0	0.0	0.0	-11.0	-1.0	0.0	0.0	0.0	-189.0	-69.0	-11.0	-14.0	-7.0
able	a	0.0	0.0	0.0	0.0	0.0	0.0	0.0	-3.0	-2.0	0.0	-1.0	0.0	-3.0	-5.0	-3.0	-11.0	0.0	-12.0	-15.0	-10.0	-170.0	-61.0	-220.0	-134.0	-172.0
deal	v	0.0	0.0	0.0	0.0	0.0	0.0	-1.0	0.0	0.0	0.0	0.0	-3.0	-1.0	0.0	0.0	-1.0	-10.0	-3.0	0.0	-3.0	-81.0	-265.0	-45.0	-6.0	-20.0
drop	v	0.0	0.0	0.0	0.0	-2.0	0.0	0.0	0.0	0.0	-4.0	-1.0	0.0	0.0	0.0	-7.0	-4.0	-3.0	-1.0	-4.0	-13.0	-158.0	-88.0	-73.0	-43.0	-160.0
exist	v	0.0	0.0	0.0	0.0	0.0	0.0	0.0	0.0	0.0	0.0	0.0	0.0	0.0	-1.0	0.0	0.0	0.0	0.0	-2.0	0.0	-3.0	-35.0	-11.0	-34.0	-34.0
game	n	0.0	0.0	0.0	0.0	0.0	0.0	0.0	0.0	0.0	-2.0	0.0	-1.0	-2.0	0.0	-5.0	0.0	-2.0	-2.0	0.0	-5.0	-3.0	-70.0	-20.0	0.0	-48.0
single	a	0.0	-1.0	0.0	0.0	-1.0	0.0	-1.0	-2.0	0.0	-1.0	0.0	-1.0	-2.0	-2.0	-1.0	-1.0	-6.0	-5.0	-2.0	-2.0	-61.0	-75.0	-70.0	-47.0	-6.0
draw	v	0.0	0.0	0.0	0.0	0.0	0.0	0.0	-1.0	0.0	0.0	0.0	0.0	-1.0	0.0	0.0	-1.0	0.0	-1.0	0.0	0.0	-64.0	-1.0	-43.0	-13.0	-17.0
wide	a	0.0	0.0	0.0	0.0	0.0	0.0	0.0	0.0	0.0	0.0	0.0	0.0	0.0	-1.0	0.0	-1.0	0.0	0.0	-5.0	0.0	-31.0	-41.0	-17.0	-70.0	-14.0
prove	v	0.0	0.0	0.0	0.0	0.0	0.0	0.0	0.0	0.0	0.0	0.0	0.0	-1.0	0.0	0.0	0.0	-1.0	-1.0	0.0	-2.0	-3.0	-4.0	-26.0	-5.0	-20.0
perform	v	0.0	0.0	0.0	0.0	0.0	0.0	0.0	-1.0	0.0	0.0	0.0	-1.0	-3.0	-2.0	0.0	-2.0	-1.0	-10.0	-4.0	0.0	-43.0	-12.0	-170.0	-74.0	-9.0
fail	v	0.0	0.0	0.0	0.0	0.0	-1.0	0.0	-1.0	0.0	0.0	-1.0	0.0	-2.0	0.0	-1.0	-2.0	-5.0	-3.0	-3.0	-3.0	-24.0	-86.0	-106.0	-27.0	-42.0
second	a	-1.0	0.0	0.0	-1.0	0.0	-2.0	0.0	0.0	-1.0	0.0	-2.0	0.0	0.0	-1.0	0.0	-5.0	-1.0	0.0	-2.0	0.0	-28.0	-18.0	-21.0	-16.0	-9.0
hour	n	0.0	0.0	0.0	0.0	0.0	0.0	0.0	0.0	0.0	0.0	0.0	0.0	0.0	0.0	0.0	0.0	-4.0	0.0	-1.0	-1.0	-2.0	-118.0	-4.0	-9.0	-11.0
minute	n	0.0	0.0	0.0	-1.0	0.0	0.0	-1.0	-3.0	-1.0	0.0	0.0	-2.0	-7.0	-3.0	0.0	0.0	-2.0	-14.0	-6.0	0.0	-65.0	-73.0	-126.0	-93.0	-9.0
cross	v	0.0	0.0	0.0	0.0	0.0	0.0	0.0	0.0	0.0	-2.0	0.0	0.0	0.0	0.0	-4.0	0.0	0.0	0.0	0.0	-11.0	-5.0	-7.0	-5.0	0.0	-128.0
hard	a	0.0	0.0	0.0	0.0	0.0	0.0	0.0	0.0	0.0	0.0	0.0	-1.0	0.0	0.0	0.0	0.0	-1.0	0.0	-2.0	0.0	-17.0	-26.0	-10.0	-73.0	-3.0
throw	v	0.0	0.0	0.0	0.0	0.0	0.0	0.0	0.0	0.0	0.0	0.0	0.0	0.0	0.0	-2.0	0.0	-2.0	-1.0	-2.0	-7.0	-17.0	-5.0	-3.0	-40.0	-132.0
try	v	-1.0	0.0	0.0	-3.0	-2.0	-1.0	-1.0	0.0	-4.0	-3.0	-3.0	-2.0	0.0	-5.0	-3.0	-10.0	-6.0	-6.0	-10.0	-3.0	-90.0	-100.0	-119.0	-144.0	-70.0
close	a	0.0	0.0	0.0	0.0	0.0	0.0	0.0	0.0	0.0	0.0	0.0	0.0	0.0	0.0	0.0	0.0	-1.0	0.0	0.0	-1.0	-7.0	-11.0	-12.0	-22.0	-8.0
play	n	0.0	0.0	0.0	0.0	0.0	0.0	0.0	0.0	0.0	-1.0	0.0	-1.0	0.0	0.0	-1.0	0.0	-2.0	0.0	0.0	-3.0	-36.0	-48.0	-9.0	0.0	-36.0
difficult	a	0.0	0.0	0.0	0.0	0.0	0.0	0.0	-1.0	0.0	0.0	0.0	0.0	-1.0	0.0	0.0	0.0	-1.0	-1.0	-2.0	-1.0	-7.0	-30.0	-44.0	-36.0	-47.0
wall	n	0.0	0.0	0.0	0.0	0.0	0.0	0.0	0.0	0.0	-1.0	-1.0	0.0	0.0	0.0	-1.0	-6.0	0.0	0.0	-2.0	-3.0	-102.0	-24.0	0.0	-12.0	-125.0
break	v	0.0	0.0	0.0	0.0	0.0	0.0	0.0	-2.0	0.0	-1.0	0.0	-1.0	-3.0	0.0	-2.0	0.0	-3.0	-13.0	0.0	-4.0	-5.0	-64.0	-203.0	-2.0	-50.0
today	n	0.0	0.0	0.0	0.0	0.0	0.0	0.0	0.0	0.0	0.0	0.0	0.0	0.0	-1.0	0.0	0.0	-2.0	0.0	-3.0	0.0	-3.0	-30.0	-4.0	-57.0	0.0
military	a	0.0	0.0	0.0	0.0	0.0	0.0	0.0	0.0	0.0	0.0	0.0	-1.0	0.0	0.0	-1.0	-2.0	-3.0	-1.0	-1.0	-3.0	-41.0	-73.0	-31.0	-23.0	-51.0
complete	v	0.0	0.0	0.0	0.0	0.0	0.0	0.0	-1.0	0.0	0.0	0.0	-1.0	-1.0	0.0	-2.0	0.0	-2.0	-2.0	0.0	-8.0	-26.0	-26.0	-28.0	-2.0	-210.0
fly	v	0.0	0.0	0.0	0.0	0.0	0.0	0.0	0.0	-2.0	0.0	0.0	0.0	0.0	-2.0	-1.0	0.0	0.0	-3.0	-3.0	-2.0	-4.0	-27.0	-28.0	-45.0	-9.0
hope	v	0.0	0.0	0.0	0.0	0.0	0.0	0.0	-2.0	-1.0	0.0	0.0	0.0	-4.0	-1.0	0.0	-1.0	-1.0	-12.0	-1.0	0.0	-20.0	-18.0	-109.0	-41.0	-1.0
job	n	0.0	0.0	0.0	0.0	0.0	0.0	-1.0	0.0	-1.0	0.0	0.0	-1.0	0.0	-2.0	0.0	-1.0	-1.0	0.0	-5.0	-1.0	-53.0	-5.0	-19.0	-25.0	-11.0
know	v	0.0	0.0	0.0	0.0	0.0	0.0	0.0	0.0	0.0	-1.0	0.0	-2.0	0.0	-3.0	-1.0	0.0	-3.0	-4.0	-4.0	-1.0	0.0	-70.0	-89.0	-32.0	-52.0
share	v	0.0	0.0	0.0	0.0	0.0	0.0	0.0	0.0	0.0	-1.0	0.0	0.0	0.0	0.0	-1.0	0.0	0.0	-2.0	0.0	-3.0	-42.0	-1.0	-51.0	-22.0	-27.0
plan	v	0.0	0.0	0.0	0.0	0.0	0.0	0.0	0.0	0.0	0.0	0.0	0.0	0.0	0.0	0.0	-1.0	0.0	-1.0	0.0	0.0	-8.0	-2.0	-20.0	-12.0	-19.0
ago	r	0.0	0.0	0.0	0.0	0.0	-2.0	-1.0	0.0	-1.0	-2.0	-2.0	-3.0	-2.0	-1.0	-3.0	-6.0	-10.0	-5.0	-4.0	-3.0	-212.0	-90.0	-93.0	-63.0	-12.0
summer	n	0.0	0.0	0.0	0.0	0.0	-1.0	0.0	0.0	0.0	0.0	-1.0	0.0	0.0	0.0	0.0	-1.0	0.0	0.0	0.0	-1.0	-13.0	0.0	-5.0	-2.0	-4.0
arrive	v	0.0	0.0	0.0	0.0	0.0	0.0	0.0	0.0	0.0	0.0	0.0	0.0	0.0	0.0	0.0	0.0	0.0	-3.0	0.0	0.0	-1.0	-13.0	-52.0	-3.0	-5.0
really	r	0.0	0.0	0.0	0.0	0.0	-2.0	0.0	-2.0	0.0	0.0	-3.0	0.0	-2.0	0.0	0.0	-3.0	-1.0	-8.0	-2.0	0.0	-33.0	-22.0	-131.0	-101.0	-10.0
gain	v	0.0	0.0	0.0	0.0	0.0	0.0	0.0	0.0	0.0	0.0	0.0	0.0	0.0	-6.0	0.0	-4.0	0.0	0.0	-15.0	-1.0	-129.0	-5.0	-13.0	-193.0	-3.0
early	a	0.0	0.0	0.0	0.0	0.0	0.0	-1.0	0.0	0.0	0.0	-2.0	-1.0	0.0	0.0	-1.0	-2.0	-1.0	-5.0	-5.0	-7.0	-15.0	-30.0	-77.0	-39.0	-53.0
stage	n	0.0	0.0	0.0	0.0	0.0	0.0	0.0	-1.0	0.0	0.0	0.0	0.0	-1.0	0.0	0.0	-1.0	0.0	-4.0	-1.0	0.0	-21.0	-9.0	-44.0	-14.0	-12.0
condition	n	0.0	0.0	0.0	0.0	0.0	0.0	0.0	0.0	0.0	0.0	0.0	-1.0	0.0	-1.0	0.0	0.0	-7.0	0.0	-5.0	0.0	-19.0	-45.0	-12.0	-141.0	-23.0
horse	n	0.0	0.0	0.0	0.0	0.0	0.0	0.0	0.0	-1.0	0.0	0.0	0.0	0.0	-1.0	-1.0	-1.0	0.0	0.0	-1.0	-5.0	-50.0	0.0	-9.0	-68.0	-173.0
claim	v	0.0	0.0	0.0	0.0	0.0	0.0	0.0	0.0	0.0	-1.0	-2.0	-1.0	0.0	0.0	-5.0	-3.0	-1.0	0.0	0.0	-11.0	-86.0	-88.0	-1.0	-6.0	-172.0
month	n	0.0	0.0	0.0	0.0	0.0	0.0	0.0	-2.0	0.0	0.0	-1.0	0.0	-2.0	0.0	0.0	-1.0	-1.0	-3.0	0.0	-1.0	-21.0	-15.0	-38.0	-16.0	-17.0
young	a	0.0	0.0	0.0	0.0	0.0	0.0	0.0	0.0	0.0	0.0	0.0	0.0	0.0	0.0	-1.0	0.0	0.0	-1.0	0.0	-1.0	0.0	0.0	-31.0	-13.0	-57.0
season	n	0.0	0.0	0.0	-1.0	0.0	-1.0	-2.0	0.0	-1.0	0.0	-1.0	-3.0	0.0	-2.0	0.0	-1.0	-7.0	0.0	-5.0	0.0	-9.0	-48.0	-14.0	-73.0	-16.0
woman	n	0.0	0.0	0.0	0.0	0.0	0.0	0.0	0.0	0.0	0.0	0.0	-1.0	0.0	0.0	0.0	0.0	-1.0	0.0	0.0	0.0	-6.0	-32.0	-1.0	-2.0	-24.0
finish	v	0.0	0.0	0.0	0.0	0.0	0.0	0.0	0.0	0.0	0.0	0.0	0.0	-1.0	-3.0	0.0	0.0	0.0	-2.0	-15.0	0.0	-12.0	-8.0	-48.0	-212.0	-22.0
right	a	0.0	0.0	0.0	0.0	0.0	0.0	-1.0	0.0	0.0	-1.0	0.0	-1.0	0.0	0.0	-1.0	0.0	-3.0	0.0	0.0	-1.0	-2.0	-58.0	-8.0	0.0	-10.0
position	n	0.0	0.0	0.0	0.0	0.0	0.0	0.0	0.0	0.0	-2.0	0.0	0.0	-2.0	0.0	-2.0	-6.0	0.0	-2.0	0.0	-5.0	-61.0	-8.0	-71.0	-14.0	-108.0
use	v	0.0	0.0	0.0	0.0	0.0	-1.0	0.0	0.0	0.0	0.0	-3.0	0.0	0.0	0.0	0.0	-8.0	0.0	-1.0	-3.0	0.0	-123.0	-2.0	-45.0	-36.0	-3.0
pull	v	-1.0	0.0	0.0	0.0	0.0	-1.0	0.0	0.0	0.0	0.0	-4.0	-1.0	0.0	0.0	-1.0	-9.0	-1.0	0.0	0.0	-2.0	-274.0	-15.0	-4.0	-30.0	-8.0
leg	n	0.0	0.0	0.0	0.0	0.0	0.0	0.0	0.0	-2.0	0.0	-1.0	-2.0	-1.0	-3.0	0.0	-1.0	-4.0	-5.0	-7.0	0.0	-15.0	-92.0	-105.0	-60.0	-2.0
catch	v	0.0	0.0	0.0	0.0	0.0	0.0	0.0	0.0	0.0	0.0	0.0	0.0	0.0	0.0	0.0	0.0	-1.0	-2.0	0.0	0.0	-1.0	-33.0	-11.0	0.0	-12.0
swing	v	0.0	0.0	0.0	0.0	0.0	-3.0	0.0	0.0	-2.0	0.0	-4.0	0.0	0.0	-4.0	0.0	-7.0	0.0	-3.0	-7.0	-1.0	-187.0	-4.0	-75.0	-175.0	-38.0
explain	v	0.0	0.0	0.0	0.0	0.0	0.0	-4.0	0.0	-2.0	-1.0	0.0	-10.0	0.0	-4.0	-2.0	-1.0	-24.0	0.0	-11.0	-5.0	-27.0	-297.0	-2.0	-236.0	-70.0
short	a	0.0	0.0	0.0	0.0	0.0	0.0	0.0	0.0	0.0	0.0	0.0	0.0	0.0	0.0	0.0	-1.0	0.0	0.0	0.0	-1.0	-44.0	-11.0	-19.0	-12.0	-82.0
line	n	0.0	0.0	0.0	0.0	0.0	0.0	0.0	0.0	0.0	0.0	-1.0	0.0	0.0	0.0	0.0	-2.0	0.0	0.0	0.0	0.0	-26.0	-9.0	-28.0	-10.0	-39.0
good	a	0.0	0.0	0.0	0.0	0.0	-1.0	0.0	0.0	0.0	0.0	-1.0	0.0	0.0	-1.0	0.0	-3.0	-6.0	0.0	-1.0	0.0	-61.0	-122.0	-15.0	-4.0	-10.0
feeling	n	0.0	0.0	0.0	0.0	0.0	0.0	0.0	0.0	0.0	-1.0	0.0	-1.0	0.0	-1.0	-2.0	-3.0	-6.0	0.0	-2.0	-6.0	-49.0	-85.0	-7.0	-54.0	-76.0
attention	n	0.0	0.0	0.0	0.0	0.0	0.0	0.0	0.0	0.0	0.0	0.0	0.0	0.0	-3.0	0.0	0.0	0.0	0.0	-7.0	0.0	-2.0	-1.0	-7.0	-80.0	-2.0
turn	v	0.0	0.0	0.0	0.0	0.0	0.0	-1.0	0.0	0.0	0.0	0.0	-4.0	-3.0	0.0	0.0	-2.0	-5.0	-7.0	-5.0	0.0	-45.0	-124.0	-149.0	-61.0	-34.0
kid	n	0.0	0.0	0.0	0.0	0.0	0.0	0.0	0.0	0.0	0.0	0.0	0.0	0.0	0.0	0.0	0.0	-2.0	-1.0	-1.0	0.0	-30.0	-46.0	-38.0	-20.0	0.0
stay	v	0.0	0.0	-1.0	-1.0	0.0	0.0	0.0	-4.0	-3.0	0.0	-1.0	-2.0	-5.0	-3.0	0.0	-3.0	-10.0	-8.0	-4.0	-2.0	-107.0	-137.0	-107.0	-66.0	-44.0
express	v	0.0	0.0	0.0	0.0	0.0	-1.0	0.0	-1.0	0.0	0.0	-1.0	-1.0	-1.0	0.0	0.0	-2.0	-1.0	-3.0	-1.0	-1.0	-31.0	-41.0	-27.0	-46.0	-23.0
particular	a	0.0	0.0	0.0	0.0	0.0	0.0	0.0	0.0	0.0	0.0	-3.0	-2.0	0.0	-1.0	0.0	-8.0	-7.0	0.0	-2.0	0.0	-110.0	-67.0	-20.0	-46.0	-21.0
contribute	v	0.0	0.0	0.0	0.0	0.0	0.0	0.0	-2.0	0.0	0.0	0.0	0.0	-2.0	0.0	-2.0	0.0	-2.0	-7.0	0.0	-11.0	-2.0	-47.0	-164.0	0.0	-198.0
lie	v	0.0	0.0	0.0	0.0	0.0	-2.0	0.0	0.0	0.0	-1.0	-2.0	0.0	0.0	-1.0	-1.0	-6.0	-1.0	0.0	-3.0	-1.0	-106.0	-21.0	-25.0	-20.0	-4.0
hit	v	0.0	0.0	0.0	0.0	0.0	0.0	-1.0	-2.0	-1.0	0.0	-1.0	-1.0	-3.0	-1.0	0.0	-4.0	-2.0	-6.0	-3.0	-1.0	-53.0	-19.0	-78.0	-22.0	-14.0
look	v	0.0	0.0	0.0	0.0	0.0	-1.0	0.0	0.0	-1.0	-1.0	-2.0	-1.0	0.0	-1.0	-1.0	-5.0	-1.0	0.0	-1.0	-3.0	-40.0	-10.0	-6.0	-28.0	-44.0
better	a	0.0	0.0	0.0	0.0	0.0	0.0	-2.0	0.0	0.0	0.0	0.0	-2.0	0.0	0.0	0.0	-1.0	-15.0	0.0	-3.0	-1.0	-12.0	-155.0	-5.0	-14.0	-37.0
film	n	0.0	0.0	0.0	0.0	0.0	0.0	0.0	0.0	-1.0	0.0	0.0	0.0	0.0	-1.0	0.0	0.0	0.0	0.0	-2.0	0.0	-3.0	-12.0	0.0	-54.0	-1.0
treatment	n	0.0	0.0	0.0	0.0	0.0	0.0	0.0	0.0	0.0	0.0	0.0	0.0	0.0	0.0	-1.0	0.0	-1.0	0.0	-1.0	-3.0	-13.0	-24.0	-25.0	-62.0	-41.0
suffer	v	0.0	0.0	0.0	0.0	0.0	-1.0	0.0	0.0	0.0	0.0	-4.0	0.0	0.0	0.0	0.0	-13.0	-1.0	-2.0	0.0	0.0	-258.0	-11.0	-21.0	0.0	-1.0
important	a	0.0	0.0	0.0	0.0	0.0	0.0	-1.0	0.0	-1.0	0.0	0.0	-1.0	-1.0	-4.0	0.0	-2.0	-3.0	-1.0	-9.0	-5.0	-58.0	-48.0	-22.0	-121.0	-73.0
hand	n	0.0	0.0	0.0	-1.0	0.0	0.0	0.0	0.0	-1.0	-3.0	0.0	-1.0	0.0	-2.0	-5.0	0.0	-2.0	-1.0	-4.0	-13.0	-20.0	-31.0	-34.0	-123.0	-180.0
meet	v	0.0	0.0	0.0	0.0	0.0	-1.0	0.0	0.0	0.0	0.0	-4.0	0.0	0.0	0.0	0.0	-12.0	0.0	0.0	-1.0	0.0	-285.0	-33.0	-6.0	-6.0	-2.0
like	v	0.0	0.0	-1.0	0.0	0.0	0.0	0.0	-2.0	-2.0	0.0	0.0	0.0	-4.0	-3.0	-2.0	0.0	-3.0	-7.0	-6.0	-4.0	-23.0	-42.0	-142.0	-119.0	-60.0
result	v	0.0	0.0	0.0	0.0	0.0	0.0	0.0	0.0	0.0	-2.0	0.0	0.0	0.0	-1.0	-5.0	-1.0	0.0	-1.0	-6.0	-11.0	-19.0	-4.0	-30.0	-73.0	-179.0
book	n	0.0	0.0	0.0	0.0	0.0	0.0	0.0	0.0	0.0	0.0	0.0	0.0	0.0	0.0	0.0	-2.0	-1.0	-2.0	-2.0	0.0	-29.0	-49.0	-44.0	-38.0	-3.0
point	n	0.0	0.0	0.0	0.0	0.0	0.0	0.0	0.0	0.0	0.0	0.0	0.0	-1.0	0.0	0.0	-1.0	-2.0	-1.0	-2.0	-2.0	-96.0	-22.0	-21.0	-49.0	-9.0
various	a	0.0	0.0	0.0	-1.0	-1.0	-1.0	0.0	0.0	-1.0	-2.0	-1.0	0.0	0.0	-1.0	-3.0	-2.0	-1.0	-1.0	-4.0	-5.0	-18.0	-5.0	-43.0	-25.0	-50.0
area	n	0.0	0.0	0.0	0.0	0.0	0.0	0.0	-3.0	0.0	0.0	0.0	0.0	-6.0	0.0	0.0	0.0	0.0	-13.0	0.0	0.0	-11.0	-45.0	-103.0	-2.0	-48.0
walk	v	0.0	0.0	0.0	-1.0	0.0	0.0	-1.0	0.0	-2.0	0.0	0.0	-2.0	0.0	-8.0	0.0	-1.0	-6.0	0.0	-18.0	-1.0	-31.0	-123.0	-15.0	-189.0	-42.0
corner	n	0.0	0.0	0.0	0.0	0.0	-1.0	0.0	0.0	0.0	0.0	-1.0	0.0	-1.0	0.0	0.0	-3.0	0.0	-2.0	-1.0	0.0	-82.0	-14.0	-40.0	-16.0	-2.0
arm	n	0.0	0.0	0.0	0.0	0.0	0.0	0.0	0.0	0.0	0.0	-1.0	0.0	-1.0	0.0	0.0	-2.0	-1.0	-6.0	-1.0	0.0	-42.0	-22.0	-130.0	-28.0	-10.0
dark	a	-2.0	0.0	0.0	0.0	0.0	-2.0	0.0	0.0	0.0	0.0	-4.0	0.0	-1.0	-1.0	0.0	-10.0	-1.0	-3.0	-3.0	0.0	-112.0	-33.0	-89.0	-25.0	-19.0
world	n	0.0	0.0	0.0	0.0	0.0	-1.0	0.0	0.0	0.0	0.0	-1.0	-1.0	0.0	0.0	0.0	-6.0	-1.0	-1.0	0.0	-3.0	-84.0	-40.0	-9.0	-35.0	-36.0
high	a	0.0	0.0	0.0	0.0	0.0	0.0	0.0	0.0	-1.0	0.0	-2.0	0.0	0.0	-2.0	0.0	-6.0	0.0	0.0	-8.0	0.0	-91.0	-5.0	0.0	-114.0	-19.0
man	n	0.0	0.0	0.0	0.0	0.0	0.0	0.0	0.0	0.0	0.0	0.0	0.0	-1.0	0.0	-1.0	-2.0	0.0	-7.0	0.0	-4.0	-53.0	-8.0	-113.0	-1.0	-90.0
away	r	0.0	0.0	0.0	0.0	0.0	0.0	-1.0	0.0	0.0	-3.0	-2.0	-2.0	0.0	0.0	-3.0	-6.0	-6.0	0.0	-4.0	-4.0	-75.0	-62.0	-4.0	-62.0	-23.0
talk	v	0.0	0.0	0.0	0.0	0.0	-1.0	0.0	-2.0	0.0	0.0	-1.0	-2.0	-7.0	0.0	-1.0	-4.0	-4.0	-26.0	0.0	-3.0	-66.0	-72.0	-228.0	-5.0	-62.0
quite	r	0.0	0.0	-1.0	0.0	-1.0	0.0	0.0	-5.0	0.0	-2.0	0.0	0.0	-7.0	-1.0	-4.0	0.0	-2.0	-13.0	-1.0	-6.0	-14.0	-29.0	-195.0	-25.0	-119.0
suddenly	r	0.0	0.0	0.0	-1.0	0.0	0.0	0.0	0.0	-1.0	0.0	-1.0	0.0	0.0	-6.0	0.0	-4.0	-5.0	0.0	-28.0	-3.0	-88.0	-72.0	-9.0	-329.0	-44.0
fact	n	0.0	0.0	-1.0	0.0	0.0	0.0	-6.0	-1.0	0.0	0.0	0.0	-11.0	-2.0	0.0	0.0	0.0	-26.0	-12.0	0.0	0.0	-2.0	-247.0	-149.0	-15.0	-4.0
reach	v	0.0	0.0	0.0	0.0	0.0	0.0	0.0	0.0	0.0	-1.0	-1.0	0.0	0.0	0.0	-1.0	-2.0	0.0	-1.0	0.0	-5.0	-37.0	-1.0	-12.0	0.0	-60.0
heart	n	0.0	0.0	0.0	0.0	0.0	0.0	0.0	0.0	0.0	0.0	0.0	0.0	0.0	0.0	0.0	0.0	0.0	0.0	-2.0	0.0	-6.0	-1.0	-3.0	-72.0	-6.0
real	a	0.0	0.0	0.0	0.0	0.0	0.0	0.0	-1.0	0.0	0.0	0.0	-1.0	-1.0	0.0	0.0	0.0	-3.0	-2.0	-1.0	-1.0	-24.0	-76.0	-72.0	-66.0	-39.0
remember	v	0.0	0.0	0.0	0.0	0.0	0.0	0.0	0.0	-1.0	-1.0	-1.0	0.0	0.0	-2.0	-2.0	-1.0	-1.0	-2.0	-8.0	-3.0	-48.0	-16.0	-54.0	-131.0	-39.0
period	n	0.0	0.0	-1.0	-1.0	0.0	0.0	0.0	-1.0	-2.0	0.0	-1.0	0.0	-1.0	-2.0	0.0	-1.0	-1.0	-2.0	-2.0	-1.0	-8.0	-10.0	-35.0	-15.0	-12.0
figure	n	0.0	0.0	0.0	0.0	0.0	0.0	0.0	0.0	0.0	0.0	-1.0	0.0	0.0	0.0	0.0	-1.0	0.0	-1.0	-1.0	0.0	-9.0	0.0	-1.0	-9.0	-11.0
situation	n	0.0	-1.0	0.0	0.0	0.0	0.0	-1.0	0.0	0.0	0.0	0.0	-2.0	-1.0	0.0	0.0	-1.0	-4.0	-3.0	-5.0	-2.0	-32.0	-49.0	-21.0	-113.0	-43.0
especially	r	0.0	0.0	0.0	0.0	0.0	-1.0	-2.0	-1.0	0.0	-1.0	-2.0	-2.0	-3.0	0.0	-1.0	-7.0	-7.0	-8.0	0.0	-2.0	-89.0	-99.0	-70.0	-14.0	-61.0
level	n	0.0	0.0	0.0	0.0	0.0	0.0	0.0	0.0	-2.0	0.0	0.0	0.0	-1.0	-2.0	0.0	0.0	-2.0	-1.0	-2.0	-7.0	-16.0	-20.0	-71.0	-27.0	-70.0
refuse	v	0.0	0.0	0.0	0.0	0.0	0.0	-1.0	-1.0	-1.0	0.0	-3.0	-4.0	-1.0	-4.0	0.0	-6.0	-15.0	-3.0	-14.0	0.0	-107.0	-164.0	-12.0	-188.0	-43.0
list	n	0.0	0.0	0.0	0.0	0.0	0.0	0.0	0.0	0.0	0.0	-2.0	0.0	0.0	0.0	0.0	-7.0	-5.0	0.0	-3.0	0.0	-57.0	-144.0	-12.0	-59.0	-6.0
recognize	v	0.0	0.0	0.0	0.0	0.0	0.0	-2.0	0.0	0.0	0.0	0.0	-2.0	-3.0	0.0	-1.0	0.0	-4.0	-7.0	-2.0	-2.0	-6.0	-63.0	-91.0	-32.0	-42.0
human	a	0.0	0.0	0.0	0.0	0.0	0.0	0.0	0.0	0.0	-1.0	-1.0	0.0	-1.0	0.0	-1.0	-1.0	-6.0	-2.0	0.0	-3.0	-45.0	-121.0	-27.0	-7.0	-36.0
drive	v	0.0	0.0	0.0	0.0	0.0	0.0	0.0	-1.0	0.0	0.0	0.0	0.0	-1.0	0.0	0.0	-1.0	-1.0	-2.0	0.0	-2.0	-36.0	-25.0	-25.0	0.0	-63.0
spirit	n	0.0	0.0	0.0	0.0	0.0	0.0	-1.0	0.0	-1.0	-1.0	0.0	-3.0	0.0	-1.0	-1.0	0.0	-13.0	-4.0	-2.0	-2.0	-23.0	-129.0	-104.0	-46.0	-26.0
encourage	v	0.0	0.0	0.0	0.0	0.0	0.0	-1.0	0.0	-1.0	0.0	0.0	-2.0	0.0	-3.0	-1.0	0.0	-19.0	0.0	-7.0	-7.0	-11.0	-190.0	-11.0	-147.0	-86.0
distance	n	0.0	-2.0	0.0	-1.0	0.0	0.0	-3.0	-1.0	-2.0	0.0	-2.0	-3.0	-2.0	-2.0	0.0	-5.0	-6.0	-5.0	-3.0	0.0	-73.0	-66.0	-82.0	-31.0	-2.0
write	v	0.0	0.0	0.0	0.0	0.0	0.0	0.0	0.0	-1.0	0.0	0.0	-2.0	0.0	-1.0	0.0	0.0	-9.0	-2.0	-1.0	0.0	-3.0	-151.0	-58.0	-24.0	-4.0
small	a	0.0	0.0	0.0	0.0	0.0	0.0	-1.0	0.0	0.0	0.0	0.0	-1.0	-1.0	-1.0	0.0	-1.0	-2.0	-3.0	-6.0	0.0	-16.0	-29.0	-30.0	-77.0	-10.0
happen	v	0.0	0.0	0.0	0.0	0.0	0.0	0.0	0.0	0.0	-4.0	0.0	0.0	0.0	0.0	-5.0	0.0	0.0	-5.0	0.0	-14.0	-7.0	-8.0	-25.0	-34.0	-186.0
sure	a	0.0	0.0	0.0	0.0	0.0	0.0	0.0	0.0	0.0	0.0	0.0	0.0	0.0	-1.0	0.0	-4.0	0.0	0.0	-4.0	0.0	-63.0	-10.0	-19.0	-102.0	0.0
force	n	0.0	0.0	0.0	0.0	0.0	0.0	-1.0	0.0	0.0	0.0	0.0	-1.0	0.0	0.0	0.0	0.0	-3.0	-1.0	0.0	0.0	-4.0	-25.0	-17.0	-13.0	-6.0
remove	v	0.0	0.0	0.0	0.0	0.0	0.0	0.0	0.0	0.0	0.0	-1.0	0.0	0.0	-4.0	0.0	-2.0	0.0	0.0	-12.0	0.0	-63.0	-1.0	-1.0	-207.0	-4.0
father	n	0.0	0.0	0.0	0.0	0.0	0.0	-1.0	0.0	-2.0	0.0	0.0	-2.0	0.0	-3.0	0.0	-2.0	-5.0	-6.0	-10.0	0.0	-68.0	-95.0	-88.0	-133.0	-21.0
supply	v	0.0	0.0	0.0	0.0	0.0	0.0	-1.0	0.0	0.0	0.0	0.0	-1.0	0.0	0.0	0.0	0.0	-3.0	0.0	0.0	0.0	-1.0	-73.0	-1.0	-2.0	-2.0
discuss	v	0.0	0.0	0.0	0.0	0.0	0.0	0.0	0.0	0.0	0.0	0.0	0.0	0.0	-2.0	0.0	0.0	0.0	-4.0	-6.0	0.0	-15.0	-3.0	-109.0	-72.0	-4.0
concern	v	0.0	0.0	0.0	0.0	0.0	0.0	0.0	0.0	0.0	0.0	0.0	0.0	0.0	-1.0	0.0	-1.0	-1.0	0.0	-1.0	0.0	-5.0	-72.0	0.0	-22.0	-3.0
reason	n	0.0	0.0	0.0	0.0	0.0	0.0	0.0	0.0	0.0	0.0	0.0	-1.0	0.0	0.0	0.0	0.0	-4.0	0.0	0.0	0.0	-1.0	-37.0	-2.0	-11.0	-21.0
open	a	0.0	0.0	0.0	0.0	0.0	0.0	0.0	0.0	-1.0	0.0	0.0	0.0	0.0	-1.0	0.0	-2.0	0.0	0.0	-2.0	0.0	-34.0	-7.0	-1.0	-40.0	-9.0
mean	v	0.0	0.0	0.0	0.0	0.0	-1.0	0.0	0.0	0.0	0.0	-1.0	0.0	0.0	0.0	0.0	-3.0	0.0	0.0	-1.0	0.0	-74.0	-22.0	-1.0	-2.0	-4.0
indicate	v	0.0	0.0	0.0	0.0	0.0	0.0	0.0	0.0	0.0	0.0	0.0	-1.0	-1.0	-2.0	0.0	0.0	-4.0	-3.0	-3.0	-2.0	-2.0	-53.0	-61.0	-28.0	-17.0
town	n	0.0	0.0	0.0	0.0	0.0	0.0	0.0	-1.0	0.0	0.0	0.0	0.0	-2.0	0.0	0.0	-3.0	0.0	-8.0	0.0	0.0	-24.0	-5.0	-167.0	-9.0	0.0
likely	a	-1.0	0.0	0.0	0.0	0.0	-2.0	0.0	-1.0	-1.0	-1.0	-2.0	0.0	-2.0	-3.0	-1.0	-9.0	-1.0	-8.0	-14.0	-7.0	-163.0	-42.0	-83.0	-191.0	-103.0
stand	v	0.0	0.0	-1.0	0.0	0.0	0.0	0.0	-1.0	0.0	-1.0	-2.0	0.0	-1.0	-1.0	-1.0	-6.0	-1.0	-1.0	-5.0	-1.0	-74.0	-4.0	-36.0	-89.0	-43.0
low	a	0.0	0.0	0.0	0.0	0.0	0.0	0.0	0.0	0.0	0.0	0.0	0.0	0.0	0.0	0.0	0.0	0.0	0.0	0.0	0.0	-25.0	-29.0	-4.0	-2.0	-7.0
sort	n	0.0	0.0	0.0	0.0	0.0	0.0	0.0	-1.0	-1.0	0.0	0.0	0.0	-1.0	-3.0	-1.0	0.0	-1.0	-1.0	-7.0	-3.0	-2.0	-10.0	-49.0	-73.0	-53.0
different	a	0.0	0.0	0.0	0.0	0.0	0.0	0.0	0.0	0.0	0.0	0.0	0.0	0.0	-1.0	-3.0	0.0	-1.0	-2.0	-4.0	-6.0	-52.0	-21.0	-38.0	-31.0	-107.0
usually	r	0.0	-1.0	0.0	0.0	-1.0	0.0	-1.0	0.0	0.0	-3.0	0.0	-1.0	-1.0	0.0	-5.0	0.0	-1.0	-6.0	-2.0	-10.0	-7.0	-13.0	-67.0	-14.0	-258.0
husband	n	0.0	0.0	0.0	0.0	0.0	0.0	-2.0	-1.0	0.0	-2.0	0.0	-4.0	-2.0	0.0	-3.0	0.0	-15.0	-15.0	-1.0	-6.0	-15.0	-135.0	-199.0	-20.0	-137.0
present	v	0.0	0.0	0.0	0.0	0.0	0.0	-2.0	0.0	0.0	0.0	0.0	-3.0	0.0	0.0	0.0	0.0	-6.0	0.0	0.0	0.0	-4.0	-80.0	0.0	-8.0	0.0
true	a	0.0	0.0	0.0	0.0	0.0	0.0	0.0	0.0	0.0	0.0	0.0	0.0	-4.0	0.0	0.0	-2.0	0.0	-7.0	0.0	0.0	-25.0	-13.0	-59.0	-14.0	-18.0
agree	v	0.0	0.0	0.0	0.0	0.0	0.0	0.0	0.0	0.0	0.0	0.0	0.0	-1.0	0.0	0.0	-3.0	0.0	-9.0	0.0	0.0	-30.0	-5.0	-173.0	-2.0	0.0
care	v	0.0	0.0	-2.0	0.0	0.0	-2.0	0.0	-2.0	0.0	-1.0	-3.0	0.0	-4.0	0.0	-1.0	-17.0	0.0	-7.0	0.0	-1.0	-246.0	-1.0	-201.0	-9.0	-8.0
handle	v	0.0	0.0	0.0	0.0	0.0	0.0	0.0	0.0	0.0	-1.0	0.0	0.0	0.0	0.0	-1.0	0.0	0.0	0.0	0.0	-1.0	0.0	-16.0	-5.0	-1.0	-18.0
push	v	0.0	0.0	0.0	0.0	0.0	0.0	0.0	0.0	0.0	-1.0	0.0	0.0	-1.0	0.0	-3.0	-1.0	0.0	-3.0	0.0	-11.0	-25.0	0.0	-51.0	-22.0	-125.0
possibility	n	0.0	0.0	0.0	0.0	0.0	0.0	0.0	0.0	0.0	0.0	0.0	0.0	0.0	-2.0	0.0	-2.0	0.0	0.0	-16.0	0.0	-59.0	-13.0	0.0	-130.0	-9.0
spread	v	0.0	0.0	-1.0	0.0	0.0	0.0	0.0	-3.0	0.0	0.0	0.0	0.0	-3.0	0.0	0.0	0.0	-1.0	-3.0	0.0	0.0	0.0	-13.0	-34.0	-11.0	-13.0
temperature	n	0.0	0.0	0.0	0.0	0.0	-2.0	0.0	0.0	0.0	0.0	-4.0	0.0	0.0	0.0	0.0	-8.0	0.0	-1.0	-2.0	0.0	-106.0	-5.0	-58.0	-34.0	-4.0
type	n	0.0	0.0	0.0	0.0	0.0	0.0	-1.0	0.0	0.0	0.0	0.0	-2.0	0.0	0.0	0.0	0.0	-16.0	0.0	-2.0	0.0	-20.0	-156.0	-21.0	-67.0	-6.0
range	n	0.0	0.0	0.0	0.0	0.0	0.0	0.0	-1.0	0.0	0.0	0.0	-1.0	-1.0	0.0	0.0	-2.0	-1.0	-1.0	0.0	-1.0	-20.0	-10.0	-11.0	-34.0	-35.0
white	a	0.0	0.0	0.0	0.0	0.0	0.0	0.0	-1.0	0.0	0.0	-2.0	0.0	-2.0	0.0	-1.0	-3.0	0.0	-4.0	-1.0	-3.0	-119.0	-4.0	-55.0	-27.0	-50.0
american	a	0.0	0.0	0.0	0.0	0.0	0.0	0.0	0.0	0.0	-1.0	-1.0	-1.0	0.0	0.0	-3.0	-2.0	-1.0	-1.0	0.0	-9.0	-75.0	-4.0	-15.0	-5.0	-159.0
surface	n	0.0	0.0	-1.0	0.0	0.0	0.0	-3.0	-2.0	0.0	-1.0	0.0	-4.0	-4.0	0.0	-3.0	0.0	-9.0	-5.0	0.0	-7.0	-2.0	-130.0	-53.0	-54.0	-132.0
control	v	0.0	0.0	0.0	0.0	0.0	-1.0	0.0	-1.0	-1.0	0.0	-1.0	0.0	-2.0	-2.0	0.0	-1.0	-2.0	-5.0	-8.0	0.0	-11.0	-97.0	-122.0	-166.0	-1.0
patient	n	0.0	0.0	0.0	-1.0	0.0	0.0	0.0	0.0	-2.0	0.0	0.0	-1.0	0.0	-2.0	0.0	0.0	-6.0	-1.0	-5.0	0.0	-1.0	-94.0	-101.0	-57.0	-7.0
compare	v	0.0	0.0	0.0	0.0	0.0	0.0	0.0	0.0	-1.0	0.0	0.0	0.0	0.0	-1.0	0.0	0.0	-1.0	-1.0	-1.0	0.0	-4.0	-25.0	-10.0	-26.0	0.0
particularly	r	0.0	0.0	0.0	-1.0	-1.0	0.0	0.0	-1.0	-1.0	-1.0	-1.0	0.0	-1.0	-1.0	-3.0	-1.0	-1.0	-3.0	-7.0	-12.0	-15.0	-30.0	-48.0	-204.0	-189.0
individual	n	0.0	0.0	0.0	0.0	0.0	0.0	0.0	-2.0	-1.0	-1.0	0.0	0.0	-2.0	-1.0	-1.0	0.0	0.0	-2.0	-4.0	-3.0	-9.0	0.0	-31.0	-57.0	-48.0
tend	v	0.0	0.0	-1.0	0.0	0.0	0.0	-1.0	-1.0	-1.0	-2.0	-1.0	-5.0	-1.0	-2.0	-3.0	-1.0	-20.0	-6.0	-7.0	-5.0	-62.0	-132.0	-110.0	-127.0	-65.0
technique	n	0.0	0.0	0.0	0.0	0.0	0.0	0.0	0.0	-1.0	0.0	0.0	0.0	0.0	-1.0	0.0	-6.0	0.0	-6.0	-7.0	-1.0	-87.0	-1.0	-57.0	-118.0	-69.0
common	a	0.0	0.0	0.0	0.0	0.0	0.0	0.0	0.0	0.0	0.0	0.0	0.0	-2.0	0.0	0.0	-2.0	-1.0	-4.0	-2.0	0.0	-20.0	-89.0	-110.0	-18.0	-5.0
value	n	0.0	0.0	0.0	0.0	0.0	0.0	0.0	0.0	0.0	0.0	0.0	0.0	0.0	0.0	-1.0	-2.0	0.0	0.0	0.0	-1.0	-47.0	-16.0	-14.0	-37.0	-6.0
grow	v	0.0	0.0	0.0	0.0	0.0	0.0	0.0	0.0	0.0	0.0	-1.0	0.0	0.0	0.0	0.0	-3.0	-1.0	0.0	0.0	-1.0	-37.0	-27.0	-1.0	-6.0	-18.0
experiment	n	0.0	0.0	0.0	0.0	0.0	0.0	0.0	0.0	0.0	0.0	0.0	0.0	0.0	0.0	0.0	-1.0	-1.0	-1.0	0.0	0.0	-8.0	-12.0	-10.0	0.0	-1.0
sound	n	0.0	0.0	0.0	0.0	0.0	0.0	0.0	0.0	0.0	0.0	0.0	0.0	0.0	0.0	0.0	0.0	0.0	0.0	0.0	0.0	-6.0	-10.0	0.0	-18.0	-17.0
guess	v	0.0	0.0	0.0	0.0	0.0	0.0	0.0	0.0	0.0	0.0	0.0	0.0	-4.0	0.0	0.0	-3.0	0.0	-10.0	0.0	0.0	-25.0	0.0	-136.0	-4.0	-23.0
somewhat	r	0.0	0.0	0.0	0.0	0.0	-2.0	-1.0	0.0	-1.0	-1.0	-11.0	-3.0	0.0	-6.0	-1.0	-32.0	-7.0	-1.0	-12.0	-2.0	-240.0	-75.0	-5.0	-185.0	-13.0
avoid	v	-2.0	0.0	0.0	0.0	0.0	-3.0	0.0	0.0	0.0	0.0	-4.0	0.0	0.0	0.0	0.0	-9.0	-1.0	0.0	0.0	0.0	-134.0	-5.0	-1.0	-1.0	-10.0
process	n	0.0	0.0	0.0	0.0	0.0	0.0	0.0	0.0	0.0	0.0	0.0	-2.0	0.0	0.0	-1.0	0.0	-7.0	-1.0	-4.0	-1.0	-9.0	-105.0	-46.0	-55.0	-14.0
contain	v	0.0	0.0	0.0	0.0	0.0	0.0	0.0	0.0	0.0	0.0	0.0	-2.0	-5.0	0.0	0.0	0.0	-5.0	-18.0	0.0	0.0	-5.0	-69.0	-204.0	-5.0	-17.0
production	n	0.0	0.0	0.0	0.0	0.0	0.0	0.0	0.0	0.0	0.0	0.0	0.0	0.0	0.0	0.0	0.0	0.0	0.0	0.0	-2.0	-1.0	-3.0	-12.0	-8.0	-37.0
language	n	0.0	0.0	0.0	0.0	0.0	0.0	0.0	0.0	0.0	0.0	0.0	0.0	0.0	0.0	0.0	0.0	0.0	-4.0	-1.0	0.0	-16.0	0.0	-48.0	-6.0	-21.0
visit	v	-3.0	-1.0	0.0	-1.0	0.0	-3.0	-2.0	0.0	-1.0	0.0	-4.0	-3.0	0.0	-2.0	0.0	-7.0	-6.0	0.0	-3.0	-1.0	-145.0	-100.0	-6.0	-44.0	-18.0
music	n	0.0	0.0	0.0	0.0	0.0	0.0	0.0	0.0	0.0	0.0	0.0	0.0	0.0	0.0	0.0	0.0	0.0	0.0	0.0	0.0	-10.0	-23.0	0.0	-4.0	-2.0
reflect	v	0.0	0.0	0.0	0.0	0.0	0.0	0.0	0.0	0.0	0.0	0.0	0.0	0.0	0.0	0.0	0.0	0.0	0.0	0.0	-2.0	-41.0	-37.0	-6.0	-2.0	-31.0
answer	n	0.0	0.0	0.0	0.0	0.0	-1.0	0.0	0.0	-1.0	0.0	-1.0	0.0	-1.0	-1.0	0.0	-1.0	0.0	-2.0	-3.0	-1.0	-18.0	-4.0	-27.0	-29.0	-8.0
simple	a	0.0	0.0	0.0	0.0	0.0	-1.0	0.0	-1.0	0.0	0.0	-2.0	0.0	-2.0	0.0	0.0	-4.0	-4.0	-5.0	-1.0	0.0	-97.0	-61.0	-181.0	-22.0	-22.0
easy	a	0.0	0.0	0.0	0.0	0.0	0.0	0.0	0.0	0.0	0.0	0.0	0.0	0.0	0.0	0.0	-3.0	-2.0	0.0	0.0	0.0	-43.0	-27.0	-7.0	-23.0	-26.0
understand	v	0.0	0.0	0.0	0.0	0.0	0.0	-1.0	0.0	0.0	0.0	0.0	-3.0	0.0	0.0	0.0	0.0	-11.0	0.0	0.0	0.0	0.0	-124.0	-3.0	0.0	-1.0
mother	n	0.0	0.0	0.0	0.0	0.0	-1.0	-1.0	0.0	0.0	0.0	-4.0	-1.0	0.0	0.0	0.0	-6.0	-4.0	-1.0	0.0	-2.0	-110.0	-73.0	-10.0	-5.0	-29.0
love	v	0.0	0.0	0.0	0.0	0.0	0.0	0.0	0.0	0.0	0.0	-2.0	0.0	0.0	-1.0	0.0	-2.0	0.0	-1.0	-7.0	-2.0	-9.0	-11.0	-12.0	-138.0	-7.0
attitude	n	0.0	0.0	0.0	-1.0	0.0	0.0	0.0	0.0	-2.0	0.0	-1.0	0.0	0.0	-2.0	-1.0	-4.0	-1.0	-1.0	-9.0	-1.0	-75.0	-69.0	-20.0	-161.0	-6.0
prevent	v	0.0	0.0	0.0	0.0	0.0	0.0	0.0	0.0	0.0	0.0	0.0	-2.0	-1.0	0.0	0.0	0.0	-5.0	-2.0	0.0	0.0	-2.0	-98.0	-102.0	-46.0	-6.0
voice	n	0.0	0.0	0.0	-1.0	0.0	0.0	0.0	0.0	-1.0	0.0	0.0	0.0	0.0	-1.0	0.0	0.0	0.0	0.0	-4.0	-1.0	-16.0	-3.0	-11.0	-62.0	-33.0
development	n	0.0	0.0	0.0	0.0	0.0	0.0	0.0	-1.0	0.0	0.0	-1.0	0.0	-1.0	0.0	0.0	-2.0	-2.0	-2.0	-5.0	-1.0	-17.0	-92.0	-54.0	-107.0	-25.0
growth	n	0.0	0.0	0.0	0.0	0.0	-1.0	0.0	-1.0	0.0	0.0	-2.0	0.0	-1.0	0.0	0.0	-4.0	0.0	-3.0	0.0	0.0	-49.0	-22.0	-27.0	-2.0	-12.0
use	n	0.0	0.0	-1.0	0.0	0.0	0.0	-1.0	-3.0	0.0	0.0	-1.0	-2.0	-3.0	0.0	0.0	-4.0	-6.0	-8.0	0.0	0.0	-40.0	-27.0	-128.0	-9.0	0.0
speak	v	0.0	0.0	0.0	0.0	0.0	0.0	0.0	0.0	0.0	0.0	0.0	0.0	0.0	0.0	0.0	0.0	0.0	0.0	-2.0	0.0	-1.0	-2.0	-9.0	-6.0	-15.0
object	n	0.0	0.0	0.0	0.0	0.0	0.0	-1.0	-1.0	0.0	0.0	0.0	-2.0	-2.0	-1.0	0.0	0.0	-4.0	-2.0	-2.0	0.0	-16.0	-55.0	-27.0	-18.0	-5.0
war	n	0.0	0.0	0.0	0.0	0.0	0.0	0.0	0.0	0.0	0.0	0.0	0.0	0.0	0.0	0.0	-1.0	-1.0	-2.0	0.0	0.0	-15.0	-6.0	-48.0	-6.0	-6.0
fight	v	0.0	0.0	0.0	0.0	0.0	0.0	0.0	0.0	0.0	0.0	0.0	0.0	0.0	0.0	0.0	0.0	-1.0	0.0	-1.0	-2.0	0.0	-4.0	-15.0	-23.0	-79.0
measure	v	0.0	0.0	0.0	0.0	0.0	0.0	0.0	0.0	0.0	-3.0	0.0	0.0	0.0	-1.0	-4.0	0.0	0.0	-1.0	-3.0	-6.0	-15.0	-15.0	-3.0	-63.0	-133.0
assume	v	0.0	0.0	0.0	-1.0	0.0	-1.0	0.0	-1.0	-5.0	-1.0	-1.0	-1.0	-1.0	-5.0	-1.0	-1.0	-4.0	-1.0	-8.0	-4.0	-7.0	-95.0	-8.0	-194.0	-31.0
raise	v	0.0	0.0	0.0	0.0	0.0	-1.0	0.0	0.0	0.0	0.0	-2.0	0.0	0.0	-1.0	-1.0	-3.0	0.0	0.0	-3.0	-6.0	-58.0	0.0	-12.0	-74.0	-150.0
mind	n	0.0	0.0	0.0	0.0	0.0	0.0	0.0	0.0	-1.0	0.0	0.0	0.0	0.0	-4.0	0.0	-2.0	-1.0	0.0	-11.0	0.0	-35.0	-15.0	-18.0	-148.0	-7.0
success	n	0.0	0.0	0.0	0.0	0.0	0.0	-1.0	0.0	0.0	0.0	0.0	-1.0	-1.0	-2.0	0.0	0.0	-1.0	-1.0	-10.0	-1.0	-2.0	-9.0	-10.0	-237.0	-20.0
life	n	0.0	0.0	0.0	0.0	0.0	0.0	0.0	0.0	0.0	0.0	0.0	0.0	0.0	0.0	0.0	-1.0	0.0	-1.0	0.0	0.0	-18.0	-13.0	-28.0	-6.0	-2.0
rise	v	0.0	0.0	0.0	0.0	0.0	0.0	0.0	0.0	0.0	-1.0	-2.0	-3.0	0.0	-3.0	-1.0	-3.0	-4.0	0.0	-6.0	-3.0	-59.0	-59.0	-14.0	-100.0	-77.0
state	v	0.0	0.0	0.0	0.0	0.0	0.0	0.0	0.0	0.0	0.0	0.0	0.0	0.0	0.0	0.0	-2.0	-1.0	0.0	-1.0	-2.0	-17.0	-2.0	-5.0	-28.0	-60.0
die	v	0.0	0.0	0.0	0.0	0.0	-1.0	-1.0	0.0	0.0	0.0	-3.0	-1.0	-1.0	0.0	0.0	-6.0	-4.0	-2.0	0.0	0.0	-82.0	-109.0	-44.0	-43.0	-2.0
piece	n	0.0	0.0	0.0	0.0	0.0	0.0	-1.0	0.0	0.0	0.0	0.0	-2.0	-1.0	0.0	0.0	0.0	-2.0	-1.0	-2.0	0.0	-12.0	-93.0	-20.0	-43.0	-1.0
material	n	0.0	0.0	0.0	0.0	0.0	0.0	0.0	0.0	0.0	0.0	0.0	0.0	0.0	0.0	-2.0	-1.0	0.0	0.0	0.0	-2.0	-9.0	-7.0	-3.0	-13.0	-7.0
hang	v	-1.0	0.0	0.0	0.0	0.0	-2.0	0.0	0.0	0.0	0.0	-2.0	0.0	0.0	-2.0	-1.0	-6.0	0.0	-1.0	-3.0	-9.0	-106.0	-1.0	-49.0	-48.0	-94.0
create	v	0.0	0.0	0.0	0.0	0.0	0.0	0.0	0.0	0.0	0.0	0.0	0.0	-1.0	0.0	-1.0	0.0	-3.0	-8.0	0.0	-3.0	-3.0	-135.0	-98.0	-2.0	-91.0
buy	v	0.0	0.0	0.0	0.0	0.0	0.0	0.0	-2.0	0.0	0.0	0.0	0.0	-2.0	0.0	0.0	0.0	-1.0	-5.0	0.0	0.0	-1.0	-2.0	-21.0	-3.0	-2.0
friend	n	0.0	0.0	0.0	0.0	0.0	0.0	0.0	0.0	-1.0	0.0	0.0	0.0	0.0	-1.0	0.0	0.0	0.0	-3.0	-3.0	0.0	-8.0	-1.0	-56.0	-77.0	-39.0
reveal	v	0.0	0.0	0.0	0.0	0.0	-1.0	0.0	0.0	0.0	0.0	-2.0	-1.0	-3.0	-1.0	-1.0	-11.0	-9.0	-11.0	-7.0	-3.0	-144.0	-154.0	-165.0	-127.0	-24.0
procedure	n	0.0	-1.0	0.0	0.0	0.0	0.0	-4.0	0.0	0.0	0.0	0.0	-6.0	-1.0	-1.0	0.0	-3.0	-15.0	-1.0	-1.0	0.0	-67.0	-137.0	-32.0	-25.0	-14.0
religious	a	-1.0	-1.0	0.0	0.0	0.0	-2.0	-1.0	0.0	0.0	0.0	-2.0	-2.0	0.0	-1.0	-1.0	-3.0	-3.0	-1.0	-9.0	-2.0	-26.0	-114.0	-25.0	-141.0	-26.0
repeat	v	0.0	0.0	0.0	0.0	0.0	0.0	0.0	0.0	0.0	0.0	0.0	-1.0	0.0	0.0	0.0	0.0	-1.0	0.0	0.0	0.0	-1.0	-26.0	-7.0	-6.0	-54.0
heavy	a	-1.0	0.0	0.0	0.0	0.0	-1.0	0.0	0.0	0.0	0.0	-4.0	-1.0	-1.0	0.0	0.0	-12.0	-2.0	-5.0	0.0	-1.0	-171.0	-44.0	-95.0	-47.0	-56.0
girl	n	0.0	0.0	0.0	0.0	0.0	0.0	-1.0	0.0	0.0	0.0	0.0	-4.0	0.0	0.0	0.0	0.0	-12.0	0.0	0.0	0.0	-10.0	-209.0	-20.0	0.0	-5.0
imagine	v	0.0	0.0	0.0	-1.0	0.0	0.0	0.0	0.0	-2.0	0.0	0.0	0.0	0.0	-4.0	0.0	0.0	0.0	0.0	-4.0	-3.0	-11.0	-6.0	-14.0	-50.0	-51.0
certainly	r	0.0	0.0	-1.0	0.0	0.0	0.0	0.0	-7.0	-1.0	0.0	-1.0	0.0	-7.0	-1.0	0.0	-6.0	-1.0	-9.0	-12.0	0.0	-95.0	-40.0	-61.0	-163.0	-5.0
demand	v	0.0	0.0	0.0	0.0	0.0	0.0	0.0	0.0	0.0	0.0	0.0	0.0	0.0	0.0	-3.0	-1.0	-2.0	-1.0	-3.0	-6.0	-8.0	-31.0	-63.0	-62.0	-131.0
sing	v	0.0	0.0	0.0	0.0	0.0	0.0	0.0	0.0	0.0	0.0	-2.0	0.0	0.0	0.0	0.0	-4.0	0.0	-3.0	-1.0	0.0	-75.0	-3.0	-37.0	-56.0	0.0
notice	v	0.0	0.0	0.0	-1.0	0.0	0.0	0.0	0.0	-2.0	0.0	0.0	0.0	0.0	-5.0	0.0	0.0	0.0	0.0	-10.0	-1.0	-5.0	-5.0	-7.0	-76.0	-18.0
close	v	0.0	0.0	0.0	0.0	0.0	0.0	0.0	0.0	-3.0	0.0	0.0	-2.0	0.0	-3.0	-3.0	0.0	-7.0	0.0	-7.0	-13.0	-2.0	-72.0	-4.0	-63.0	-142.0
air	n	0.0	0.0	0.0	0.0	0.0	0.0	0.0	0.0	-1.0	-1.0	0.0	0.0	-5.0	-2.0	-1.0	0.0	0.0	-14.0	-3.0	-1.0	-7.0	-10.0	-142.0	-58.0	-8.0
space	n	0.0	0.0	0.0	0.0	0.0	0.0	0.0	0.0	0.0	0.0	0.0	0.0	0.0	0.0	0.0	0.0	0.0	0.0	0.0	0.0	-29.0	-4.0	-10.0	-1.0	0.0
modern	a	0.0	0.0	0.0	0.0	0.0	-1.0	-1.0	0.0	0.0	0.0	-1.0	-2.0	0.0	0.0	0.0	-2.0	-2.0	0.0	0.0	0.0	-85.0	-27.0	-9.0	-4.0	-7.0
sell	v	0.0	0.0	0.0	0.0	0.0	0.0	0.0	-1.0	0.0	0.0	0.0	-4.0	-1.0	0.0	0.0	-2.0	-9.0	-1.0	0.0	0.0	-34.0	-108.0	-62.0	0.0	-14.0
earth	n	0.0	0.0	0.0	0.0	0.0	-3.0	0.0	-1.0	0.0	0.0	-6.0	0.0	-2.0	0.0	-1.0	-14.0	0.0	-6.0	-1.0	-1.0	-190.0	-3.0	-79.0	-10.0	-41.0
eye	n	0.0	0.0	0.0	0.0	0.0	0.0	0.0	-1.0	0.0	-1.0	0.0	0.0	-4.0	0.0	-4.0	0.0	0.0	-12.0	0.0	-10.0	-22.0	-23.0	-145.0	-25.0	-170.0
total	a	0.0	0.0	0.0	0.0	0.0	-1.0	0.0	0.0	0.0	0.0	-1.0	0.0	0.0	-1.0	-2.0	-5.0	-4.0	0.0	-3.0	-14.0	-54.0	-87.0	-14.0	-58.0	-196.0
century	n	0.0	0.0	-1.0	0.0	0.0	-1.0	-2.0	-1.0	0.0	0.0	-2.0	-2.0	-2.0	0.0	-1.0	-2.0	-2.0	-3.0	0.0	-6.0	-7.0	-32.0	-40.0	-45.0	-53.0
role	n	0.0	0.0	0.0	0.0	0.0	0.0	0.0	0.0	0.0	-1.0	0.0	0.0	0.0	0.0	-2.0	0.0	0.0	0.0	-2.0	-3.0	-18.0	-14.0	-10.0	-80.0	-103.0
sense	n	0.0	0.0	0.0	0.0	0.0	0.0	0.0	0.0	-2.0	-1.0	-1.0	0.0	-2.0	-2.0	-1.0	-2.0	-3.0	-8.0	-6.0	-4.0	-32.0	-42.0	-68.0	-162.0	-70.0
pattern	n	0.0	0.0	0.0	0.0	0.0	0.0	0.0	-4.0	0.0	0.0	0.0	0.0	-4.0	0.0	0.0	-1.0	-1.0	-11.0	0.0	0.0	-34.0	-16.0	-155.0	0.0	-8.0
quality	n	0.0	0.0	0.0	0.0	0.0	0.0	0.0	0.0	0.0	0.0	0.0	0.0	0.0	0.0	0.0	0.0	0.0	-2.0	-1.0	-1.0	-16.0	-18.0	-49.0	-15.0	-37.0
room	n	0.0	0.0	0.0	0.0	0.0	0.0	0.0	0.0	-1.0	0.0	0.0	-1.0	-1.0	-1.0	0.0	-5.0	-3.0	-2.0	-1.0	-1.0	-112.0	-70.0	-60.0	-18.0	-29.0
art	n	0.0	0.0	0.0	0.0	0.0	0.0	0.0	0.0	0.0	0.0	0.0	0.0	0.0	0.0	0.0	0.0	0.0	0.0	0.0	0.0	-32.0	-5.0	-6.0	-2.0	-6.0
stare	v	0.0	0.0	0.0	0.0	0.0	-2.0	0.0	0.0	0.0	0.0	-5.0	0.0	0.0	-1.0	0.0	-17.0	-4.0	-10.0	-6.0	-5.0	-303.0	-57.0	-170.0	-91.0	-49.0
view	n	0.0	0.0	0.0	0.0	0.0	0.0	0.0	0.0	0.0	0.0	0.0	0.0	0.0	0.0	0.0	0.0	0.0	-1.0	-1.0	-1.0	0.0	-15.0	-23.0	-11.0	-22.0
sample	n	0.0	0.0	0.0	0.0	-1.0	0.0	0.0	0.0	0.0	-3.0	0.0	0.0	0.0	0.0	-4.0	-2.0	0.0	-5.0	0.0	-14.0	-56.0	-1.0	-111.0	-3.0	-117.0
example	n	0.0	0.0	0.0	0.0	0.0	0.0	0.0	0.0	0.0	0.0	0.0	0.0	0.0	-1.0	0.0	0.0	0.0	-1.0	-3.0	0.0	-14.0	-39.0	-18.0	-58.0	-3.0
moment	n	0.0	0.0	0.0	-1.0	-1.0	0.0	0.0	0.0	-1.0	-2.0	0.0	0.0	0.0	-1.0	-4.0	0.0	0.0	0.0	-1.0	-6.0	-19.0	-20.0	-1.0	-27.0	-41.0
choose	v	0.0	0.0	0.0	0.0	0.0	0.0	-2.0	0.0	0.0	0.0	0.0	-6.0	0.0	0.0	0.0	0.0	-18.0	-2.0	0.0	-1.0	-3.0	-203.0	-13.0	-1.0	-14.0
complete	a	0.0	0.0	0.0	0.0	0.0	0.0	0.0	0.0	0.0	0.0	-1.0	0.0	0.0	0.0	-2.0	-2.0	-1.0	-1.0	0.0	-5.0	-12.0	-25.0	-26.0	-1.0	-91.0
effect	n	0.0	0.0	0.0	0.0	0.0	0.0	0.0	-2.0	0.0	0.0	0.0	0.0	-2.0	0.0	0.0	0.0	0.0	-3.0	0.0	0.0	-13.0	-4.0	-61.0	-47.0	-65.0
difference	n	0.0	0.0	0.0	0.0	0.0	0.0	0.0	0.0	0.0	0.0	0.0	0.0	-1.0	0.0	0.0	0.0	-1.0	-3.0	-2.0	0.0	-21.0	-22.0	-92.0	-38.0	-13.0
bear	v	0.0	0.0	0.0	0.0	0.0	0.0	0.0	0.0	0.0	0.0	0.0	0.0	0.0	0.0	0.0	0.0	0.0	0.0	0.0	0.0	0.0	-3.0	0.0	0.0	0.0
basic	a	0.0	0.0	0.0	0.0	0.0	0.0	0.0	0.0	0.0	-1.0	-1.0	0.0	-1.0	0.0	-1.0	-4.0	-1.0	-4.0	-1.0	-4.0	-82.0	-16.0	-59.0	-17.0	-69.0
involve	v	0.0	0.0	0.0	0.0	0.0	0.0	0.0	0.0	0.0	0.0	0.0	-1.0	0.0	0.0	0.0	0.0	-1.0	-1.0	0.0	0.0	-2.0	-13.0	-65.0	-7.0	-6.0
industry	n	0.0	0.0	0.0	-1.0	0.0	-1.0	-1.0	0.0	-2.0	0.0	-1.0	-1.0	-1.0	-2.0	0.0	-2.0	-3.0	-2.0	-7.0	-2.0	-33.0	-32.0	-23.0	-100.0	-26.0
land	n	0.0	0.0	0.0	0.0	0.0	0.0	0.0	0.0	0.0	0.0	0.0	0.0	0.0	0.0	0.0	0.0	0.0	0.0	0.0	-1.0	-2.0	0.0	-2.0	-4.0	-9.0
base	v	0.0	-2.0	0.0	0.0	0.0	0.0	-2.0	-1.0	0.0	-1.0	0.0	-3.0	-4.0	-1.0	-1.0	0.0	-9.0	-9.0	-1.0	-15.0	-19.0	-95.0	-157.0	-28.0	-190.0
eat	v	0.0	0.0	0.0	0.0	-1.0	0.0	0.0	0.0	0.0	-1.0	0.0	0.0	0.0	-1.0	-2.0	-2.0	0.0	0.0	-1.0	-8.0	-17.0	-2.0	-3.0	-2.0	-148.0
story	n	0.0	0.0	0.0	0.0	0.0	0.0	-2.0	0.0	0.0	0.0	0.0	-2.0	0.0	0.0	0.0	0.0	-2.0	-1.0	0.0	0.0	0.0	-22.0	-9.0	-5.0	-53.0
forget	v	0.0	0.0	0.0	0.0	-1.0	0.0	0.0	0.0	0.0	-1.0	0.0	0.0	0.0	0.0	-1.0	0.0	-1.0	0.0	0.0	-1.0	-32.0	-19.0	-14.0	-6.0	-54.0
opportunity	n	-1.0	0.0	0.0	0.0	0.0	-1.0	0.0	0.0	0.0	-1.0	-2.0	0.0	0.0	0.0	-2.0	-2.0	-1.0	-1.0	-1.0	-5.0	-41.0	-16.0	-11.0	-35.0	-90.0
ride	v	0.0	0.0	0.0	0.0	0.0	0.0	0.0	-1.0	0.0	0.0	0.0	0.0	-2.0	0.0	0.0	0.0	-2.0	-6.0	-4.0	0.0	-2.0	-26.0	-146.0	-46.0	-18.0
simply	r	0.0	0.0	0.0	0.0	0.0	-2.0	0.0	0.0	0.0	-1.0	-2.0	0.0	0.0	0.0	-2.0	-5.0	0.0	-4.0	0.0	-5.0	-65.0	-3.0	-52.0	-4.0	-61.0
individual	a	0.0	0.0	0.0	0.0	0.0	0.0	0.0	0.0	0.0	0.0	0.0	0.0	0.0	-1.0	0.0	-1.0	0.0	0.0	-3.0	-1.0	-22.0	-21.0	-5.0	-111.0	-18.0
meaning	n	0.0	0.0	0.0	0.0	0.0	0.0	0.0	-1.0	0.0	0.0	0.0	0.0	-3.0	0.0	-1.0	0.0	-2.0	-7.0	-4.0	-1.0	-11.0	-37.0	-125.0	-43.0	-17.0
thought	n	0.0	0.0	0.0	0.0	0.0	0.0	0.0	-1.0	-1.0	0.0	0.0	0.0	-1.0	-1.0	0.0	0.0	-1.0	-2.0	-3.0	0.0	0.0	-28.0	-53.0	-16.0	-4.0
tree	n	0.0	0.0	0.0	0.0	0.0	-3.0	0.0	0.0	0.0	-2.0	-4.0	0.0	0.0	0.0	-2.0	-8.0	-7.0	-1.0	-1.0	-5.0	-117.0	-86.0	-2.0	-7.0	-53.0
fear	n	0.0	0.0	0.0	0.0	0.0	0.0	0.0	0.0	0.0	0.0	0.0	-1.0	0.0	0.0	0.0	0.0	-1.0	0.0	-1.0	0.0	-37.0	-51.0	0.0	-9.0	-2.0
trial	n	0.0	0.0	0.0	0.0	0.0	0.0	0.0	0.0	0.0	-1.0	0.0	0.0	0.0	0.0	-1.0	0.0	0.0	-3.0	0.0	-1.0	-5.0	-3.0	-92.0	0.0	-10.0
attempt	v	0.0	0.0	0.0	0.0	0.0	0.0	0.0	0.0	0.0	0.0	0.0	0.0	0.0	-1.0	0.0	-2.0	-2.0	-2.0	-3.0	0.0	-68.0	-25.0	-17.0	-78.0	-5.0
identify	v	0.0	0.0	0.0	0.0	0.0	0.0	0.0	0.0	-1.0	0.0	0.0	0.0	0.0	-2.0	0.0	0.0	0.0	0.0	-3.0	0.0	-4.0	-38.0	-2.0	-78.0	-8.0
society	n	0.0	0.0	0.0	0.0	0.0	0.0	0.0	0.0	0.0	0.0	-1.0	-1.0	0.0	0.0	0.0	-1.0	-4.0	-2.0	0.0	0.0	-25.0	-38.0	-13.0	-1.0	-23.0
god	n	0.0	0.0	0.0	0.0	0.0	0.0	0.0	0.0	0.0	-1.0	0.0	0.0	0.0	0.0	-1.0	-1.0	0.0	-1.0	0.0	-6.0	-12.0	-16.0	-26.0	-23.0	-45.0
necessary	a	0.0	0.0	0.0	0.0	0.0	0.0	0.0	-1.0	0.0	0.0	-1.0	0.0	-1.0	0.0	0.0	-5.0	0.0	-2.0	-3.0	-1.0	-86.0	-2.0	-46.0	-38.0	-20.0
religion	n	0.0	0.0	0.0	0.0	0.0	0.0	-1.0	0.0	0.0	0.0	0.0	-2.0	0.0	0.0	0.0	-1.0	-12.0	0.0	-1.0	0.0	-14.0	-148.0	-11.0	-36.0	0.0
ground	n	0.0	0.0	0.0	0.0	0.0	0.0	-1.0	0.0	-1.0	0.0	0.0	-3.0	0.0	-1.0	0.0	0.0	-5.0	0.0	-2.0	0.0	-2.0	-97.0	-2.0	-36.0	-44.0
clear	a	0.0	0.0	0.0	0.0	0.0	0.0	0.0	0.0	0.0	-1.0	0.0	0.0	-1.0	0.0	-1.0	-2.0	0.0	-1.0	-2.0	-2.0	-79.0	-6.0	-8.0	-47.0	-12.0
following	a	0.0	0.0	0.0	0.0	-3.0	0.0	0.0	-1.0	0.0	-3.0	0.0	0.0	-2.0	0.0	-9.0	-2.0	-2.0	-3.0	0.0	-23.0	-24.0	-24.0	-28.0	-5.0	-237.0
change	v	0.0	0.0	0.0	0.0	0.0	0.0	0.0	0.0	-1.0	-1.0	-1.0	0.0	-1.0	-4.0	-3.0	-3.0	0.0	-5.0	-14.0	-12.0	-86.0	-2.0	-55.0	-169.0	-113.0
literature	n	0.0	0.0	0.0	0.0	0.0	0.0	0.0	-2.0	0.0	0.0	0.0	-4.0	-2.0	0.0	0.0	0.0	-15.0	-11.0	-2.0	0.0	-4.0	-216.0	-105.0	-28.0	-3.0
wear	v	0.0	-1.0	0.0	0.0	0.0	0.0	-3.0	0.0	0.0	0.0	0.0	-3.0	0.0	0.0	-1.0	-1.0	-6.0	-2.0	-1.0	-1.0	-38.0	-155.0	-62.0	-11.0	-72.0
morning	n	0.0	0.0	0.0	0.0	0.0	0.0	-1.0	-1.0	0.0	0.0	0.0	-1.0	-1.0	0.0	-1.0	-4.0	-4.0	-1.0	0.0	-5.0	-28.0	-29.0	-9.0	-16.0	-21.0
mass	n	0.0	0.0	0.0	0.0	0.0	0.0	0.0	0.0	0.0	-4.0	0.0	0.0	0.0	0.0	-6.0	0.0	0.0	0.0	-1.0	-15.0	-2.0	-8.0	-13.0	-3.0	-151.0
admit	v	0.0	0.0	0.0	0.0	0.0	0.0	0.0	0.0	0.0	0.0	-2.0	-1.0	-1.0	0.0	-1.0	-8.0	-1.0	-11.0	0.0	-2.0	-170.0	-12.0	-109.0	-2.0	-77.0
build	v	0.0	0.0	0.0	0.0	0.0	-1.0	0.0	0.0	0.0	0.0	-3.0	0.0	0.0	0.0	0.0	-9.0	0.0	0.0	0.0	0.0	-204.0	0.0	0.0	-4.0	0.0
feed	v	0.0	0.0	0.0	0.0	0.0	0.0	-1.0	0.0	0.0	0.0	-1.0	-1.0	0.0	0.0	0.0	-1.0	-1.0	0.0	0.0	0.0	-19.0	-33.0	-1.0	-3.0	-31.0
nature	n	0.0	0.0	0.0	0.0	0.0	0.0	0.0	0.0	0.0	0.0	0.0	0.0	0.0	0.0	0.0	0.0	0.0	0.0	0.0	0.0	-34.0	-9.0	-10.0	-6.0	-5.0
affect	v	0.0	0.0	0.0	0.0	0.0	-1.0	-1.0	0.0	0.0	0.0	-1.0	-2.0	-1.0	0.0	0.0	-2.0	-8.0	-3.0	0.0	0.0	-7.0	-166.0	-26.0	-16.0	-1.0
theory	n	0.0	0.0	0.0	-1.0	0.0	0.0	0.0	0.0	-1.0	0.0	0.0	0.0	0.0	-2.0	0.0	-1.0	-1.0	0.0	-6.0	-1.0	-14.0	-26.0	-20.0	-55.0	-22.0
training	n	0.0	0.0	0.0	0.0	0.0	0.0	0.0	-1.0	0.0	0.0	-1.0	0.0	-1.0	0.0	-1.0	-6.0	0.0	-1.0	0.0	-3.0	-107.0	-20.0	-16.0	-1.0	-59.0
smile	v	0.0	0.0	0.0	0.0	0.0	0.0	0.0	-2.0	0.0	-2.0	-1.0	0.0	-2.0	0.0	-4.0	-4.0	-1.0	-5.0	0.0	-7.0	-15.0	-53.0	-58.0	-24.0	-144.0
touch	v	0.0	0.0	-1.0	0.0	0.0	0.0	0.0	-2.0	0.0	0.0	0.0	0.0	-3.0	0.0	0.0	0.0	0.0	-5.0	0.0	-1.0	0.0	0.0	-112.0	-4.0	-54.0
note	v	0.0	0.0	0.0	0.0	0.0	-2.0	0.0	-1.0	0.0	0.0	-3.0	0.0	-1.0	-2.0	0.0	-7.0	-1.0	-4.0	-4.0	0.0	-58.0	-26.0	-153.0	-71.0	-4.0
plant	n	0.0	0.0	0.0	0.0	0.0	0.0	-1.0	0.0	-1.0	0.0	0.0	-1.0	0.0	-1.0	0.0	0.0	-3.0	-2.0	-5.0	0.0	-2.0	-33.0	-20.0	-43.0	-2.0
cover	v	0.0	0.0	0.0	0.0	0.0	0.0	0.0	0.0	0.0	0.0	0.0	0.0	0.0	0.0	0.0	-1.0	0.0	0.0	0.0	-1.0	-13.0	-2.0	0.0	-17.0	-26.0
vary	v	0.0	0.0	0.0	0.0	0.0	0.0	0.0	0.0	0.0	0.0	-1.0	0.0	0.0	-1.0	0.0	-6.0	0.0	-1.0	-1.0	-2.0	-94.0	-2.0	-20.0	-49.0	-10.0
discover	v	-1.0	0.0	0.0	0.0	0.0	-2.0	0.0	0.0	0.0	0.0	-5.0	0.0	0.0	-2.0	0.0	-16.0	0.0	0.0	-4.0	0.0	-154.0	-2.0	0.0	-39.0	-1.0
listen	v	0.0	0.0	0.0	0.0	0.0	0.0	0.0	0.0	0.0	0.0	0.0	0.0	-1.0	0.0	0.0	0.0	0.0	-4.0	-1.0	0.0	-8.0	-1.0	-164.0	-14.0	-1.0
social	a	0.0	0.0	0.0	0.0	0.0	-4.0	0.0	-2.0	0.0	0.0	-4.0	0.0	-3.0	0.0	0.0	-9.0	-3.0	-8.0	-4.0	-2.0	-50.0	-85.0	-169.0	-54.0	-94.0
animal	n	0.0	0.0	0.0	0.0	0.0	0.0	-1.0	0.0	0.0	0.0	0.0	-2.0	0.0	0.0	-1.0	-2.0	-2.0	0.0	0.0	-6.0	-35.0	-34.0	0.0	-2.0	-75.0
region	n	0.0	0.0	0.0	0.0	0.0	0.0	0.0	0.0	0.0	0.0	0.0	0.0	0.0	0.0	0.0	-1.0	0.0	0.0	-6.0	0.0	-30.0	-12.0	-12.0	-70.0	-5.0
building	n	0.0	0.0	0.0	0.0	0.0	-2.0	0.0	0.0	-2.0	0.0	-4.0	-1.0	0.0	-3.0	0.0	-8.0	-1.0	0.0	-13.0	0.0	-68.0	-8.0	-9.0	-91.0	-28.0
door	n	0.0	0.0	-1.0	0.0	0.0	-1.0	-1.0	-2.0	-1.0	0.0	-2.0	-1.0	-2.0	-2.0	0.0	-8.0	-3.0	-6.0	-2.0	0.0	-91.0	-19.0	-67.0	-42.0	-23.0
floor	n	0.0	0.0	0.0	0.0	0.0	0.0	0.0	0.0	0.0	-1.0	0.0	0.0	-1.0	0.0	-3.0	0.0	-1.0	-1.0	-1.0	-14.0	-6.0	-69.0	-23.0	-5.0	-149.0
car	n	-1.0	0.0	0.0	0.0	0.0	-2.0	0.0	0.0	0.0	-1.0	-2.0	0.0	-1.0	-1.0	-1.0	-3.0	0.0	-2.0	-1.0	-1.0	-23.0	-4.0	-41.0	-58.0	-58.0
collect	v	0.0	0.0	0.0	0.0	0.0	0.0	0.0	0.0	0.0	0.0	0.0	0.0	0.0	0.0	0.0	-1.0	-1.0	0.0	0.0	-1.0	-36.0	-15.0	-5.0	-13.0	-1.0
economic	a	0.0	0.0	0.0	0.0	0.0	-1.0	-4.0	-1.0	-1.0	-1.0	-1.0	-6.0	-1.0	-2.0	-1.0	-7.0	-10.0	-4.0	-6.0	-12.0	-116.0	-161.0	-51.0	-115.0	-136.0
answer	v	0.0	-1.0	0.0	0.0	0.0	0.0	-1.0	0.0	0.0	0.0	0.0	-1.0	0.0	-1.0	0.0	-1.0	-3.0	0.0	-3.0	-1.0	-34.0	-38.0	-8.0	-94.0	-17.0
product	n	0.0	0.0	0.0	0.0	0.0	-1.0	0.0	0.0	0.0	0.0	-1.0	0.0	0.0	0.0	0.0	-2.0	-1.0	0.0	0.0	0.0	-41.0	-71.0	-17.0	-8.0	-4.0
approach	v	0.0	0.0	0.0	0.0	0.0	0.0	0.0	0.0	0.0	0.0	0.0	0.0	0.0	-1.0	-1.0	0.0	-3.0	0.0	-6.0	-5.0	0.0	-93.0	0.0	-86.0	-50.0
street	n	0.0	0.0	0.0	0.0	0.0	0.0	0.0	0.0	-1.0	-1.0	-1.0	0.0	0.0	-2.0	-1.0	-2.0	0.0	-3.0	-7.0	-2.0	-27.0	-7.0	-149.0	-141.0	-42.0
demonstrate	v	0.0	0.0	0.0	0.0	0.0	-2.0	-1.0	0.0	0.0	0.0	-2.0	-2.0	0.0	0.0	0.0	-3.0	-4.0	-3.0	0.0	0.0	-52.0	-64.0	-38.0	0.0	-23.0
analysis	n	0.0	0.0	0.0	0.0	0.0	0.0	0.0	0.0	-1.0	0.0	0.0	0.0	0.0	-2.0	-1.0	0.0	0.0	0.0	-5.0	-5.0	-26.0	-5.0	-45.0	-40.0	-150.0
cell	n	0.0	0.0	0.0	0.0	0.0	0.0	0.0	0.0	0.0	0.0	-2.0	0.0	0.0	0.0	0.0	-9.0	0.0	-2.0	0.0	0.0	-153.0	-17.0	-92.0	-2.0	-3.0
measurement	n	0.0	0.0	0.0	0.0	0.0	0.0	-1.0	0.0	0.0	0.0	0.0	-1.0	-1.0	0.0	0.0	-6.0	-3.0	-2.0	0.0	-1.0	-177.0	-79.0	-102.0	-1.0	-25.0
data	n	0.0	0.0	0.0	0.0	0.0	0.0	0.0	0.0	0.0	-1.0	0.0	0.0	0.0	-2.0	-2.0	-3.0	0.0	0.0	-5.0	-7.0	-32.0	-3.0	-2.0	-97.0	-247.0
stress	n	0.0	0.0	0.0	0.0	0.0	-1.0	0.0	0.0	0.0	0.0	-1.0	0.0	0.0	0.0	0.0	-4.0	0.0	0.0	-2.0	-1.0	-58.0	-4.0	-19.0	-16.0	-30.0
window	n	0.0	0.0	0.0	0.0	0.0	0.0	-1.0	0.0	0.0	0.0	0.0	-1.0	0.0	0.0	-1.0	0.0	-3.0	-1.0	0.0	-5.0	-7.0	-46.0	-47.0	-17.0	-84.0
hair	n	0.0	0.0	0.0	0.0	0.0	0.0	0.0	0.0	0.0	0.0	0.0	-2.0	0.0	0.0	0.0	-6.0	-6.0	-1.0	-3.0	-3.0	-81.0	-104.0	-35.0	-113.0	-60.0
officer	n	0.0	0.0	0.0	-2.0	0.0	0.0	-1.0	0.0	-2.0	0.0	-2.0	-1.0	0.0	-3.0	-1.0	-5.0	-3.0	0.0	-8.0	-1.0	-89.0	-57.0	0.0	-81.0	-11.0
sleep	v	0.0	0.0	0.0	0.0	0.0	0.0	0.0	0.0	0.0	0.0	-1.0	-5.0	0.0	0.0	0.0	-2.0	-16.0	-1.0	0.0	0.0	-45.0	-215.0	-30.0	-1.0	0.0
shake	v	0.0	0.0	0.0	0.0	0.0	0.0	0.0	0.0	0.0	-1.0	0.0	0.0	-1.0	-3.0	-1.0	0.0	-5.0	-4.0	-6.0	-3.0	-10.0	-63.0	-135.0	-35.0	-36.0
wage	n	0.0	0.0	0.0	0.0	0.0	0.0	-3.0	0.0	-1.0	0.0	-1.0	-4.0	-4.0	-2.0	0.0	-4.0	-16.0	-17.0	-3.0	-3.0	-83.0	-178.0	-172.0	-61.0	-91.0
shelter	n	0.0	0.0	0.0	0.0	0.0	-3.0	0.0	0.0	0.0	0.0	-6.0	0.0	0.0	0.0	0.0	-12.0	-1.0	0.0	0.0	0.0	-223.0	-22.0	-1.0	-15.0	-8.0
jew	n	0.0	-1.0	0.0	0.0	0.0	0.0	-3.0	0.0	0.0	0.0	0.0	-4.0	0.0	0.0	0.0	-1.0	-4.0	0.0	0.0	0.0	-31.0	-30.0	-2.0	-27.0	-1.0
